assists,baronKills,bountyLevel,champExperience,championTransform,consumablesPurchased,damageDealtToBuildings,damageDealtToObjectives,damageDealtToTurrets,damageSelfMitigated,deaths,detectorWardsPlaced,doubleKills,dragonKills,firstBloodAssist,firstBloodKill,firstTowerAssist,firstTowerKill,goldSpent,inhibitorKills,inhibitorTakedowns,inhibitorsLost,killingSprees,kills,largestCriticalStrike,largestKillingSpree,largestMultiKill,longestTimeSpentLiving,magicDamageDealt,magicDamageDealtToChampions,magicDamageTaken,neutralMinionsKilled,objectivesStolen,objectivesStolenAssists,pentaKills,physicalDamageDealt,physicalDamageDealtToChampions,physicalDamageTaken,quadraKills,sightWardsBoughtInGame,spell1Casts,spell2Casts,spell3Casts,spell4Casts,summoner1Casts,summoner1Id,summoner2Casts,summoner2Id,teamId,timeCCingOthers,totalAllyJungleMinionsKilled,totalDamageDealt,totalDamageShieldedOnTeammates,totalEnemyJungleMinionsKilled,totalHeal,totalHealsOnTeammates,totalMinionsKilled,totalTimeCCDealt,totalTimeSpentDead,totalUnitsHealed,tripleKills,trueDamageDealt,trueDamageDealtToChampions,trueDamageTaken,turretKills,turretTakedowns,turretsLost,unrealKills,visionScore,visionWardsBoughtInGame,wardsKilled,wardsPlaced,win,challenges.12AssistStreakCount,challenges.acesBefore15Minutes,challenges.alliedJungleMonsterKills,challenges.baronTakedowns,challenges.blastConeOppositeOpponentCount,challenges.bountyGold,challenges.buffsStolen,challenges.completeSupportQuestInTime,challenges.controlWardTimeCoverageInRiverOrEnemyHalf,challenges.controlWardsPlaced,challenges.damageTakenOnTeamPercentage,challenges.deathsByEnemyChamps,challenges.dodgeSkillShotsSmallWindow,challenges.doubleAces,challenges.dragonTakedowns,challenges.earlyLaningPhaseGoldExpAdvantage,challenges.effectiveHealAndShielding,challenges.elderDragonKillsWithOpposingSoul,challenges.elderDragonMultikills,challenges.enemyChampionImmobilizations,challenges.enemyJungleMonsterKills,challenges.epicMonsterKillsNearEnemyJungler,challenges.epicMonsterKillsWithin30SecondsOfSpawn,challenges.epicMonsterSteals,challenges.epicMonsterStolenWithoutSmite,challenges.firstTurretKilled,challenges.firstTurretKilledTime,challenges.flawlessAces,challenges.fullTeamTakedown,challenges.gameLength,challenges.getTakedownsInAllLanesEarlyJungleAsLaner,challenges.highestCrowdControlScore,challenges.immobilizeAndKillWithAlly,challenges.initialBuffCount,challenges.initialCrabCount,challenges.jungleCsBefore10Minutes,challenges.junglerTakedownsNearDamagedEpicMonster,challenges.kTurretsDestroyedBeforePlatesFall,challenges.kda,challenges.killAfterHiddenWithAlly,challenges.killedChampTookFullTeamDamageSurvived,challenges.killingSprees,challenges.killsNearEnemyTurret,challenges.killsOnOtherLanesEarlyJungleAsLaner,challenges.killsOnRecentlyHealedByAramPack,challenges.killsUnderOwnTurret,challenges.killsWithHelpFromEpicMonster,challenges.knockEnemyIntoTeamAndKill,challenges.landSkillShotsEarlyGame,challenges.laneMinionsFirst10Minutes,challenges.laningPhaseGoldExpAdvantage,challenges.legendaryCount,challenges.lostAnInhibitor,challenges.maxCsAdvantageOnLaneOpponent,challenges.maxKillDeficit,challenges.maxLevelLeadLaneOpponent,challenges.mejaisFullStackInTime,challenges.moreEnemyJungleThanOpponent,challenges.multiKillOneSpell,challenges.multiTurretRiftHeraldCount,challenges.multikills,challenges.multikillsAfterAggressiveFlash,challenges.outerTurretExecutesBefore10Minutes,challenges.outnumberedKills,challenges.perfectDragonSoulsTaken,challenges.perfectGame,challenges.pickKillWithAlly,challenges.quickCleanse,challenges.quickFirstTurret,challenges.quickSoloKills,challenges.riftHeraldTakedowns,challenges.saveAllyFromDeath,challenges.scuttleCrabKills,challenges.skillshotsDodged,challenges.skillshotsHit,challenges.soloBaronKills,challenges.soloKills,challenges.stealthWardsPlaced,challenges.survivedSingleDigitHpCount,challenges.survivedThreeImmobilizesInFight,challenges.takedownOnFirstTurret,challenges.takedowns,challenges.takedownsAfterGainingLevelAdvantage,challenges.takedownsBeforeJungleMinionSpawn,challenges.takedownsFirstXMinutes,challenges.takedownsInAlcove,challenges.teamBaronKills,challenges.teamDamagePercentage,challenges.teamElderDragonKills,challenges.teamRiftHeraldKills,challenges.threeWardsOneSweeperCount,challenges.tookLargeDamageSurvived,challenges.turretPlatesTaken,challenges.turretTakedowns,challenges.turretsTakenWithRiftHerald,challenges.twentyMinionsIn3SecondsCount,challenges.unseenRecalls,challenges.visionScoreAdvantageLaneOpponent,challenges.visionScorePerMinute,challenges.wardTakedowns,challenges.wardTakedownsBefore20M,challenges.wardsGuarded,challenges.earliestDragonTakedown,challenges.junglerKillsEarlyJungle,challenges.killsOnLanersEarlyJungleAsJungler,challenges.fastestLegendary,challenges.earliestBaron,challenges.highestChampionDamage,challenges.shortestTimeToAceFromFirstTakedown,challenges.soloTurretsLategame,challenges.teleportTakedowns,challenges.highestWardKills,challenges.fasterSupportQuestCompletion,challenges.baronBuffGoldAdvantageOverThreshold,challenges.thirdInhibitorDestroyedTime,challenges.earliestElderDragon,challenges.hadAfkTeammate,GDM,KPDM,XPDM,GPM,DPM,DTPM
10,0,0,17490,0,1,5889,7736,5889,27373,4,1,1,0,False,False,False,False,11075,1,1,0,2,4,0,2,2,475,152801,17410,7706,12,0,0,0,14954,994,23527,0,0,279,114,82,8,5,4,4,12,200,38,10,179649,0,0,15044,0,203,397,124,1,0,11893,0,2221,5,8,3,0,25,1,3,12,True,0,0,9,0,0,0,0,0,0.0,1,0.2653066539624649,4,1,0,0,0.0,0.0,0,0,54,0,0,0,0,0,0,0.0,0,0,1813.083309573935,0.0,0.0,8,0,0,0.0,0,0,3.5,0,0,0,1,0.0,0,1,0,9,1,50,0.0,0,0,1.75,0,1.0,0,0.0,0,0,1,0,0,1,0,0,9,0,0,0,0,0,0,10,9,0,2,11,1,0,0,14,0,0,3,0,1,0.21119725833234,0,2,0,0,0,8,5,9,0,-0.1921948194503784,0.8516591499241158,3,1,0,0.0,0.0,0.0,0.0,1602.218140547675,0.0,0.0,1.0,0.0,0.0,0.0,1.0,0.0,0.0,0.0,-23.95918586344947,0.1654639907696786,55.59590089861203,417.3001847211296,609.0398572250332,1107.1195622399198
5,0,2,16399,0,6,2078,2078,2078,18698,2,4,0,0,False,False,False,False,8650,0,0,0,1,2,0,2,1,889,90290,9320,16999,0,0,0,0,11713,1168,9446,0,0,194,78,64,8,3,12,2,4,200,37,0,102285,0,0,14874,0,185,363,67,1,0,280,176,1831,1,2,2,0,26,4,6,10,True,0,0,0,0,0,150,0,0,0.2693162163365973,4,0.2216383363079995,2,2,0,0,0.0,0.0,0,0,52,0,0,0,0,0,1,955.0618139711344,0,1,1536.52618209659,0.0,0.0,7,0,0,0.0,0,0,3.5,1,0,0,0,0.0,0,0,0,7,7,63,0.0,0,0,37.0,2,3.0,0,0.0,0,0,0,0,0,1,0,0,5,0,0,0,0,0,0,14,22,0,0,6,0,2,0,7,0,0,0,0,1,0.1174986473756376,0,0,0,0,0,2,0,8,0,0.2563282251358032,1.0259637067817802,6,5,1,0.0,0.0,0.0,0.0,1262.8782260510968,0.0,0.0,0.0,1.0,0.0,0.0,1.0,0.0,0.0,0.0,-41.58731607996972,-0.3123929846382702,170.44942224325618,366.20267624221225,416.458897645894,1104.2311024501255
13,0,2,16942,0,8,4522,16002,4522,31360,2,6,1,0,False,False,False,False,11600,0,1,0,2,5,0,3,2,975,150111,25733,6815,6,0,0,0,16018,1656,24794,0,0,319,112,110,12,4,12,4,4,100,54,4,171319,0,0,18343,0,201,465,74,1,0,5189,504,571,0,5,4,0,36,6,6,11,True,0,0,4,1,0,0,0,0,0.6964000112794999,6,0.2316583496314268,2,18,0,3,0.0,0.0,0,0,69,0,0,0,0,0,0,0.0,0,2,1998.7446319,0.0,1.0,13,0,0,0.0,1,0,9.0,2,0,1,0,0.0,0,0,0,14,3,66,0.0,0,0,0.0,0,1.0,0,0.0,0,0,1,0,0,0,1,0,8,0,0,0,0,0,0,90,17,0,1,5,0,0,0,18,0,0,7,1,1,0.2392142349893142,0,0,0,0,2,5,0,9,0,-0.1155518293380737,1.0971530514571366,6,4,0,918.0573446,0.0,0.0,0.0,1858.0627995,0.0,0.0,0.0,0.0,0.0,0.0,1.0,0.0,0.0,0.0,16.390287922303738,0.4502826352281247,54.30408580851184,391.055459274452,837.3756073125692,966.0363656184188
4,0,0,12110,0,4,2515,4691,2515,25178,8,2,0,0,False,False,False,True,9435,0,0,1,1,3,0,2,1,465,83815,13104,7126,0,0,0,0,12077,1230,24510,0,0,244,60,66,11,3,12,5,4,100,49,0,104001,0,0,6519,0,145,389,294,1,0,8107,238,340,1,1,5,0,19,2,4,6,False,0,0,0,0,0,0,0,0,0.3289877254830918,2,0.2781792108299684,8,0,0,1,0.0,0.0,0,0,62,0,0,0,0,0,1,874.9627894175421,0,0,1718.8744806203435,0.0,0.0,3,0,0,0.0,0,0,0.875,0,0,0,2,0.0,0,0,0,4,1,55,0.0,0,0,12.0,0,3.0,0,0.0,0,0,0,0,0,0,0,0,3,0,0,0,0,0,0,1,10,0,3,4,0,4,1,7,0,0,4,0,0,0.1770144415059402,0,1,0,0,1,1,5,6,0,-0.255601167678833,0.6840662456818788,4,3,0,1101.9326093253785,0.0,0.0,0.0,0.0,0.0,0.0,1.0,0.0,0.0,0.0,0.0,0.0,0.0,0.0,-66.84606775855586,-0.1396262511928059,-26.947866480211555,327.84243780070847,508.6584330953922,1116.172252035291
6,0,0,14942,0,9,4012,4012,4012,21967,2,2,0,0,False,False,False,False,11660,0,0,1,1,3,0,3,1,1747,126812,13121,5873,0,0,0,0,15817,816,19337,0,0,269,111,81,5,5,12,4,4,100,37,0,150099,0,0,10512,0,218,377,50,1,0,7469,217,403,2,2,8,0,23,3,3,6,False,0,0,0,0,0,375,0,0,0.4855699690855645,2,0.2108269232036753,2,2,0,0,0.0,0.0,0,0,54,0,0,0,0,0,0,0.0,0,0,1924.197308152144,0.0,0.0,4,0,0,0.0,0,0,4.5,0,0,1,0,0.0,0,1,0,4,1,51,0.0,0,0,30.0,0,1.0,0,0.0,0,0,0,0,0,1,0,0,8,0,0,0,0,0,0,12,6,0,0,4,0,6,0,9,0,0,3,0,0,0.1471859218606696,0,2,0,0,1,2,0,10,0,-0.1545407772064209,0.7206966441795686,3,3,1,0.0,0.0,0.0,0.0,0.0,0.0,0.0,1.0,1.0,0.0,0.0,0.0,0.0,0.0,0.0,-22.98101125734637,-0.0623636669127445,-22.54446558895716,374.8368199790512,441.3788525749496,798.6914821515195
7,1,0,17853,0,5,1170,5548,1170,76429,7,3,0,0,False,False,False,False,12050,0,0,2,2,6,0,2,1,695,122537,15523,9072,5,0,0,0,20385,2970,37331,0,0,301,109,86,14,4,12,5,4,100,50,0,161907,0,0,14813,0,214,452,263,1,0,18985,0,4836,1,2,10,0,21,4,2,9,False,0,0,1,1,0,0,0,0,0.7522189629752851,3,0.3232390383754761,7,6,0,0,0.0,0.0,0,0,70,0,1,0,0,0,0,0.0,0,2,2021.3461761,0.0,0.0,8,0,0,0.0,0,0,1.8571428571428568,2,0,0,1,1.0,0,1,1,10,0,69,0.0,0,0,0.0,0,1.0,0,0.0,0,0,0,0,0,1,0,0,10,0,0,0,1,0,0,39,9,0,2,6,0,2,0,13,0,0,4,0,1,0.1981322483847903,0,1,0,1,2,2,0,10,0,-0.4039522409439087,0.6378027746204226,2,1,0,0.0,0.0,0.0,0.0,1791.4355416,0.0,0.0,0.0,0.0,0.0,0.0,0.0,0.0,0.0,0.0,-112.85548348780928,-0.0296831887132586,-81.03510518719604,366.26086553289815,548.9312088742918,1520.9962728560852
8,0,5,10915,0,2,1545,1545,1545,19957,0,0,0,0,False,True,False,False,7050,0,0,0,1,5,0,5,1,0,67784,12919,3093,0,0,0,0,8517,1408,14328,0,0,229,76,49,6,1,12,2,4,200,42,0,76541,0,0,7275,0,134,407,0,1,0,240,146,554,1,1,1,0,13,0,2,6,True,0,0,0,0,0,0,0,0,0.0,0,0.2883827343337485,0,2,0,0,0.0,0.0,0,0,48,0,0,0,0,0,0,0.0,0,0,1142.4553714,0.0,1.0,7,0,0,0.0,0,0,13.0,2,0,1,2,1.0,0,1,0,9,2,62,1.0,0,0,48.0,4,3.0,0,0.0,0,0,0,0,0,0,0,0,9,0,0,0,0,0,0,11,13,0,3,6,0,9,0,13,0,0,6,0,0,0.2798869399036521,0,1,0,0,2,1,0,6,0,0.3592865467071533,0.7335529182931944,2,2,0,0.0,0.0,0.0,0.0,0.0,0.0,0.0,0.0,0.0,0.0,0.0,0.0,0.0,0.0,0.0,183.91965696000227,0.5251846286693382,174.5188521068211,433.53991096653874,760.0997130731333,944.0718884960024
16,0,0,18184,0,15,254,4522,254,29099,2,12,0,0,False,False,False,False,11400,0,0,0,1,2,0,2,1,1438,118738,18047,15752,16,0,0,0,14846,1798,13985,0,0,277,91,83,10,4,12,4,4,100,33,12,133584,0,0,17619,0,191,400,104,1,0,0,0,2284,0,0,2,0,34,12,3,14,True,1,0,5,1,0,0,0,0,0.7490703026375423,12,0.2215101349735112,2,3,0,1,0.0,0.0,0,0,51,0,0,0,0,0,1,993.5755176317545,0,3,1966.8969412340743,0.0,0.0,13,0,0,0.0,0,0,9.0,1,1,0,0,0.0,0,0,0,13,0,73,0.0,0,0,5.0,2,3.0,0,0.0,0,0,0,0,0,1,0,0,17,0,0,0,1,0,1,16,9,0,0,2,0,0,0,18,0,0,2,0,1,0.1636356848565969,0,2,0,0,0,0,5,9,0,0.4212323427200317,1.0447452102691115,6,3,0,1683.7449050346354,0.0,0.0,0.0,1585.5827423895796,0.0,30.77593708967516,0.0,0.0,0.0,0.0,1.0,0.0,0.0,0.0,34.409530352686446,0.3965637363341522,131.0185575042449,351.8130439339829,605.4003008682758,976.827997299402
13,0,0,20863,0,6,415,6539,415,45695,4,2,0,0,False,False,False,False,12870,0,0,1,0,0,0,0,0,1237,166989,23366,4434,12,0,0,0,21967,2029,37109,0,0,351,158,101,13,4,4,5,12,200,58,11,190005,0,0,18096,0,207,516,207,1,0,1048,1048,1950,1,1,8,0,43,2,4,18,False,1,0,13,1,0,0,0,0,0.0,2,0.2732876508242678,4,4,0,1,0.0,0.0,0,0,72,0,0,0,0,0,0,0.0,0,2,2370.8982380043644,0.0,0.0,7,0,0,0.0,0,0,3.25,2,0,0,0,0.0,0,0,0,7,4,56,0.0,0,0,3.0,0,2.0,0,0.0,0,0,0,0,0,0,0,0,13,0,0,0,0,0,0,24,67,0,0,12,1,0,0,13,0,0,0,0,2,0.1813531479100423,0,1,0,0,0,1,0,9,0,0.3693890571594238,1.1121330238551204,29,19,0,1428.75077550617,0.0,0.0,0.0,1543.1299314969551,0.0,0.0,0.0,0.0,0.0,0.0,1.0,0.0,0.0,0.0,-57.82618494642773,0.0506137286183174,17.993180523811866,337.9478659845059,669.2147197913938,1100.6967562625505
2,0,1,12064,0,2,2831,4737,2831,11927,4,0,0,0,False,False,False,False,7750,0,1,0,0,2,0,0,1,631,83153,6187,2224,5,0,0,0,12084,372,11866,0,0,181,78,36,3,3,12,3,4,200,19,2,101587,0,2,3997,0,145,302,128,1,0,6349,0,861,1,2,2,0,12,0,3,3,True,0,0,2,0,0,0,0,0,0.0,0,0.1619489755540771,4,3,0,0,0.0,0.0,0,0,27,5,0,0,0,0,0,0.0,0,0,1388.564384333401,0.0,0.0,3,0,0,0.0,0,0,1.0,0,0,0,0,0.0,0,0,0,3,1,65,0.0,0,0,2.5000000298023224,0,1.0,0,0.0,0,0,0,0,0,0,0,0,2,0,0,0,0,0,0,17,4,0,0,3,0,0,0,4,0,0,1,0,1,0.0850950830684927,0,1,0,0,1,2,5,6,0,-0.1297377347946167,0.5266349099420707,3,2,0,0.0,0.0,0.0,0.0,1334.5921763562526,0.0,0.0,1.0,1.0,0.0,0.0,0.0,0.0,0.0,0.0,-80.32756799645719,-0.129630287245493,55.78423361131051,365.168519170554,283.45822811014483,646.0773516315373
5,0,0,7828,0,3,1252,1252,1252,10297,3,1,0,0,False,False,False,False,5025,0,0,0,1,4,0,4,1,551,50190,10272,7561,0,0,0,0,10095,2918,8829,0,0,132,54,47,5,3,12,2,4,100,35,0,60640,0,0,7131,0,92,316,76,1,0,354,204,96,0,0,0,0,12,1,1,7,True,0,0,0,0,0,0,0,0,0.5791367188610564,1,0.2768272496715102,3,6,0,0,1.0,0.0,0,0,45,0,0,0,0,0,1,652.4748093930381,0,0,957.1381820642422,0.0,1.0,4,0,0,0.0,0,0,3.0,0,0,1,0,1.0,0,2,0,6,0,58,0.0,0,0,15.0,2,1.0,0,0.0,0,0,0,0,0,0,0,0,7,0,0,0,0,0,0,36,6,0,2,6,1,16,0,9,0,0,9,0,0,0.248366448588809,0,0,0,0,1,0,0,4,0,0.7024435997009277,0.7538987643977723,1,1,0,0.0,0.0,0.0,0.0,0.0,1.0,0.0,0.0,0.0,0.0,0.0,0.0,0.0,0.0,0.0,22.567274406936395,0.1880606200578033,66.13465138699416,390.41384723999965,839.6906685580917,1033.4557940909815
2,0,1,8342,0,4,2052,2052,2052,5464,0,1,0,0,True,False,False,True,5725,0,0,0,0,1,0,0,1,0,54794,6234,1526,0,0,0,0,13432,870,6752,0,0,137,42,32,4,2,12,2,4,200,20,0,68226,0,0,3578,0,132,274,0,1,0,0,0,67,1,1,1,0,11,1,0,6,False,0,0,0,0,0,0,0,0,0.6292503916441706,1,0.2244575334435687,0,0,0,0,0.0,0.0,0,0,22,0,0,0,0,0,1,899.2268376631127,0,0,965.922444119881,0.0,0.0,1,0,0,0.0,0,0,3.0,0,0,0,0,0.0,0,0,0,2,1,75,1.0,0,0,38.0,0,2.0,0,0.0,0,0,0,0,0,0,0,0,2,0,0,0,0,0,0,1,5,0,1,5,0,0,1,3,0,1,3,0,0,0.2271245195184918,0,0,0,0,3,1,0,6,0,0.1238503456115722,0.6960986998242492,0,0,0,0.0,0.0,0.0,0.0,0.0,0.0,0.0,0.0,0.0,0.0,0.0,0.0,0.0,0.0,0.0,89.8829927066326,0.1242335766504942,104.9152554813424,389.1616788576733,441.2776642625556,518.4267153625126
1,0,2,8516,0,2,566,566,566,4983,1,0,0,0,False,False,False,False,5450,0,0,0,2,4,0,2,1,779,45312,8999,4167,0,0,0,0,6621,1095,4046,0,0,140,44,43,5,2,4,2,12,200,32,0,55109,0,0,3847,0,90,260,32,1,0,3175,0,2036,0,0,0,0,7,0,0,5,False,0,0,0,0,0,0,0,0,0.0,0,0.2649916452242106,1,4,0,0,0.0,0.0,0,0,50,0,0,0,0,0,0,0.0,0,0,947.6794310975812,0.0,1.0,3,0,0,0.0,0,0,5.0,0,0,0,0,0.0,0,2,0,5,2,59,0.0,0,0,0.0,0,1.0,0,0.0,0,0,0,0,0,0,0,0,3,0,0,0,0,0,0,23,8,0,2,5,0,2,0,5,0,0,5,0,0,0.3564430956720221,0,0,0,0,1,0,0,4,0,-0.0046018362045288,0.4867547958454805,0,0,0,0.0,0.0,0.0,0.0,0.0,1.0,0.0,0.0,0.0,0.0,0.0,0.0,0.0,0.0,0.0,33.23908799362397,0.2532501942371349,116.24183915484495,352.5242703780919,639.0768651574101,648.9536227326583
4,0,5,15696,0,6,3305,3305,3305,16730,0,4,0,0,False,False,False,True,9590,0,1,0,1,5,0,5,1,0,105294,14766,6329,4,0,0,0,15575,1699,13237,0,0,224,71,69,6,4,4,3,12,100,32,4,126085,0,0,11138,0,191,294,0,1,0,5215,0,509,2,4,2,0,22,4,1,8,True,0,0,1,0,0,0,0,0,0.5045998801069584,4,0.2388981737445869,0,1,0,0,0.0,0.0,0,0,44,0,0,0,0,0,1,903.3622854479634,0,0,1401.7481892494277,0.0,0.0,3,0,0,0.0,0,0,9.0,1,0,1,2,0.0,0,0,0,7,2,81,1.0,0,0,44.0,3,3.0,0,0.0,0,1,0,0,0,0,0,0,4,0,0,0,0,0,0,8,8,0,4,2,0,6,1,9,1,0,4,0,1,0.2953075581987567,0,2,0,0,4,4,10,9,0,3.5549874305725098,0.9535780683134932,1,1,1,0.0,0.0,0.0,0.0,1229.928718791092,1.0,0.0,0.0,0.0,0.0,0.0,1.0,1381.0033548257602,0.0,0.0,97.50681402569596,0.1284110808064477,185.21158221649972,467.9727821522976,704.8056188529893,859.326952756748
6,0,0,10742,0,3,2616,5816,2616,17291,6,0,0,0,False,False,False,False,8580,0,0,1,0,0,0,0,0,731,72193,8524,13336,4,0,0,0,10639,325,14108,0,0,181,71,56,11,3,12,2,4,100,22,0,89855,0,0,8565,0,151,319,229,1,0,7022,0,465,2,2,8,0,29,0,7,9,False,0,0,0,0,0,0,0,0,0.0,0,0.229299265248425,6,13,0,1,0.0,0.0,0,0,24,0,0,0,0,0,1,920.0466222956164,0,1,1670.2920757075342,0.0,0.0,3,0,0,0.0,0,0,1.0,1,0,0,0,0.0,0,0,0,3,1,73,0.0,0,0,25.0,0,1.0,0,0.0,0,0,0,0,0,0,0,0,4,0,0,0,1,0,1,68,8,0,0,4,0,0,0,6,0,0,0,0,0,0.1520440195673914,0,2,0,0,1,2,5,7,0,0.6862303018569946,1.0589924139577762,7,2,0,1016.60537022,0.0,0.0,0.0,0.0,0.0,0.0,0.0,0.0,0.0,0.0,0.0,0.0,0.0,0.0,-164.8094988916185,-0.3232967502233144,-139.12536817943297,305.8028038501195,317.90847105292585,1002.5791443036338
3,0,0,15142,0,2,2145,2483,2145,25507,4,0,0,0,False,False,False,False,9100,0,0,2,0,2,0,0,1,730,113519,16406,12703,4,0,0,0,16534,2057,16880,0,0,232,97,84,9,3,12,4,4,100,52,0,132654,0,0,12098,0,194,377,122,1,0,2600,215,609,1,1,9,0,20,0,2,10,False,0,0,0,0,1,0,0,0,0.0,0,0.2349816624933883,4,10,0,0,0.0,0.0,0,0,61,0,0,0,0,0,0,0.0,0,0,1630.2188665043425,0.0,0.0,3,0,0,0.0,0,0,1.25,0,0,0,1,0.0,0,0,0,4,4,79,0.0,0,0,44.0,0,1.0,0,0.0,0,0,0,0,0,1,0,0,3,0,0,0,0,0,1,51,27,0,1,10,0,8,0,5,0,0,1,0,0,0.2039819600340015,0,0,0,0,1,1,0,9,0,0.9814677238464355,0.7488870280226503,2,0,0,0.0,0.0,0.0,0.0,0.0,0.0,0.0,0.0,0.0,0.0,0.0,0.0,0.0,0.0,0.0,-14.574730110287746,-0.2944389921270252,36.84167888989403,364.1106186390825,687.4782417425879,1111.2495611614088
11,0,2,22678,0,9,3770,8092,3770,54368,3,4,0,0,False,True,False,True,14210,0,1,0,2,10,0,6,1,1087,164020,38360,15268,8,0,0,0,18858,2430,32295,0,0,276,129,105,13,5,12,6,4,100,70,4,184466,0,2,27558,0,202,465,141,1,0,1587,77,815,1,4,2,0,27,4,3,7,True,0,0,6,1,0,0,0,0,0.7708257660042986,4,0.2923458374718534,3,4,0,0,0.0,0.0,0,0,101,2,0,0,0,0,1,871.1492481766087,0,1,2011.5101884101275,0.0,1.0,14,0,0,0.0,0,0,7.0,1,0,1,4,0.0,0,1,0,17,4,63,0.0,0,0,64.0,1,5.0,0,0.0,0,0,0,0,0,0,0,0,15,0,0,0,0,0,0,25,24,0,5,3,0,14,1,21,0,0,2,0,2,0.2758396476686388,0,2,0,0,3,4,5,9,0,-0.2107040286064148,0.8082890088780323,3,1,2,0.0,0.0,0.0,0.0,1478.6532291113072,0.0,33.875455135033235,0.0,0.0,0.0,0.0,2.0,0.0,0.0,0.0,176.61357225378663,0.5070816970637346,266.42668930431046,451.690478743302,1219.024399741218,1443.0650248380246
11,0,0,17489,0,7,1553,1553,1553,29824,6,4,0,0,False,False,False,False,11525,0,0,1,1,3,0,2,1,686,129200,18163,4631,0,0,0,0,17150,1339,23406,0,0,296,91,70,8,4,12,3,4,200,42,0,149462,0,0,11242,0,216,363,169,1,0,3112,727,1182,1,1,9,0,26,5,3,10,False,0,0,0,0,0,0,0,0,0.6770298419662136,4,0.2554597051548762,6,5,0,0,0.0,0.0,0,0,63,0,0,0,0,0,0,0.0,0,0,1781.3919183893802,0.0,0.0,9,0,0,0.0,0,0,2.333333333333333,1,0,0,1,0.0,0,0,0,9,12,50,0.0,0,0,13.699999988079073,0,3.0,0,0.0,0,0,0,0,0,0,0,0,12,0,0,0,0,0,0,29,43,0,0,6,0,10,0,14,0,0,8,0,0,0.268862166365317,0,1,0,0,1,1,0,10,1,-0.0450885295867919,0.8797134602273526,3,2,0,0.0,0.0,0.0,0.0,0.0,0.0,0.0,0.0,1.0,0.0,0.0,0.0,0.0,0.0,0.0,20.04050856606425,-0.0336815270017886,65.9147483425004,405.121406777514,681.3772912461845,984.1742189922644
1,0,0,7949,0,6,1242,1242,1242,9825,6,2,0,0,False,False,False,True,5835,0,0,0,0,2,0,0,1,335,59314,11527,9943,0,0,0,0,10112,1358,5698,0,0,143,73,42,6,2,12,3,4,100,33,0,74296,0,0,3852,0,112,256,154,1,0,4870,0,305,1,1,7,0,9,3,0,7,False,0,0,0,0,0,0,0,0,0.3513757711901778,2,0.2582492343430615,6,1,0,0,0.0,0.0,0,0,51,1,0,0,0,0,1,615.308234313778,0,0,1186.999659005505,0.0,1.0,0,0,0,0.0,0,1,0.5,0,0,0,1,0.0,0,1,0,1,1,66,0.0,0,0,6.0,0,1.0,0,0.0,0,0,0,0,0,1,0,0,1,0,0,0,0,0,0,12,7,0,2,5,0,3,1,3,0,0,3,0,0,0.3202174966745091,0,1,0,0,5,1,0,5,0,0.1406267881393432,0.5037094348448408,0,0,0,0.0,0.0,0.0,0.0,0.0,1.0,0.0,0.0,0.0,0.0,0.0,0.0,0.0,0.0,0.0,-160.5392205079953,-0.3032856810604445,-147.85176951696673,326.1837499805081,651.3060000773047,806.1333402586616
10,0,2,19157,0,2,1711,17157,1711,17368,0,0,0,1,False,False,False,False,11100,0,1,0,1,2,0,2,1,0,157040,22830,11916,24,0,0,0,23615,1993,10459,0,0,333,128,92,14,2,12,3,4,200,52,6,184319,0,10,16606,0,207,417,0,1,0,3664,1136,1847,0,3,4,0,18,0,4,6,True,0,0,3,1,0,150,2,0,0.0,0,0.2371783502243167,0,6,0,2,0.0,0.0,0,0,67,5,0,1,0,0,1,887.8327481,0,3,1969.7908379,0.0,0.0,6,0,0,0.0,0,0,12.0,0,0,0,0,0.0,0,1,0,6,2,66,0.0,0,0,65.0,4,3.0,0,0.0,0,0,0,0,0,0,0,0,11,0,0,0,0,0,0,35,53,0,0,6,0,26,0,12,0,0,2,0,1,0.2645114463100469,0,1,0,0,0,3,0,10,0,-0.3955003619194031,0.5728167575129673,4,0,0,1052.7152171,0.0,0.0,0.0,1279.3177979,1.0,0.0,0.0,0.0,0.0,0.0,1.0,0.0,0.0,0.0,78.0996626850033,0.1218403474025012,139.23305699420828,395.5546878422202,790.743854642233,737.8042236958462
4,0,0,11786,0,2,4110,4555,4110,17767,6,0,0,0,True,False,False,False,8950,0,0,2,2,6,0,4,1,538,94532,16011,6116,0,0,0,0,8194,1027,18757,0,0,185,87,57,8,2,12,4,4,200,36,0,103534,0,0,8496,0,142,347,102,1,0,807,399,1287,2,2,10,0,11,0,2,5,False,0,0,0,0,0,600,0,0,0.0,0,0.2447834031613476,6,2,0,0,0.0,0.0,0,0,50,0,0,0,0,0,0,0.0,0,2,1404.4867764693,0.0,0.0,5,0,0,0.0,0,0,1.6666666666666667,1,0,1,0,0.0,0,1,0,9,12,59,0.0,0,0,3.0,0,1.0,0,0.0,0,0,0,0,0,0,0,0,6,0,0,0,0,0,0,13,32,0,4,5,1,0,0,10,0,1,5,0,0,0.2913475362392754,0,0,0,0,0,2,0,6,0,-0.334799587726593,0.4887048024785912,18,18,0,0.0,0.0,0.0,0.0,0.0,0.0,0.0,1.0,0.0,0.0,0.0,0.0,0.0,0.0,0.0,-32.80913766652843,-0.0854404626732511,-79.5877909801334,439.4202995285305,744.998114279413,1117.603971997461
9,0,0,9631,0,2,333,1450,333,17583,8,0,0,0,False,False,False,False,6950,0,0,2,0,2,0,0,1,317,58723,13039,6775,0,0,0,0,8813,2231,16296,0,0,191,81,56,9,1,12,4,4,100,49,0,67830,0,0,6742,0,114,357,187,1,0,293,293,1595,0,0,10,0,16,0,2,7,False,0,0,0,0,0,0,0,0,0.0,0,0.2074116345174257,8,2,0,0,0.0,0.0,0,0,68,0,0,0,0,0,0,0.0,0,4,1570.4937056673891,0.0,0.0,7,0,0,0.0,0,0,1.375,2,0,0,0,0.0,0,0,0,6,8,52,0.0,0,0,6.0,0,0.0,0,0.0,0,0,0,0,0,0,0,0,10,0,0,0,1,0,0,13,39,0,0,4,0,4,0,11,0,0,3,0,0,0.2022819009517232,0,2,0,0,0,0,0,5,0,-0.3815003633499145,0.6457515535690785,2,0,0,0.0,0.0,0.0,0.0,0.0,0.0,0.0,0.0,0.0,0.0,0.0,0.0,0.0,0.0,0.0,-116.90591266774818,-0.2292272797406827,-143.037822558186,289.8196906854698,594.615563647331,942.3533470139466
5,0,3,11804,0,2,3309,8136,3309,17871,4,0,1,0,False,False,False,False,6970,0,2,0,1,3,0,3,3,344,83032,12396,1383,12,0,0,0,9964,773,19158,0,0,189,59,52,8,4,4,4,12,200,33,0,93008,0,6,8277,0,124,333,103,1,1,12,0,122,0,4,0,0,18,0,4,6,True,0,0,0,0,0,0,0,0,0.0,0,0.1975422831081329,4,5,0,0,0.0,0.0,0,0,46,6,0,0,0,0,1,760.5077434700645,1,0,1511.5270345735228,0.0,0.0,7,0,0,0.0,0,0,2.0,0,0,1,2,0.0,0,0,0,7,1,47,0.0,0,0,0.0,10,1.0,0,0.0,0,0,2,1,0,1,0,0,5,0,0,0,1,0,0,31,8,0,0,6,0,5,0,8,0,0,1,0,0,0.13702988671658,0,2,0,0,0,4,10,5,0,0.7599525451660156,0.7528231858435215,4,1,0,0.0,0.0,0.0,0.0,0.0,0.0,0.0,0.0,0.0,0.0,0.0,0.0,1369.40547431534,0.0,0.0,-60.93175834330083,-0.0396949565754402,-34.37583239433128,332.36587140616143,522.742883141973,820.2565826748979
10,0,1,17325,0,7,918,6416,918,36357,5,5,0,0,False,False,False,False,11485,0,0,0,0,2,0,0,1,908,101594,11650,21394,4,0,0,0,16690,1125,16562,0,0,258,75,94,8,5,12,4,4,100,34,0,118744,0,0,22782,0,183,412,152,1,0,459,459,3305,0,2,3,0,30,5,3,11,True,0,0,0,0,0,150,0,0,0.736375204956879,5,0.2586055887283968,5,6,0,1,0.0,0.0,0,0,39,0,0,0,0,0,1,693.2672483465385,2,3,2130.066206127862,0.0,0.0,6,0,0,0.0,0,0,2.4,2,0,0,1,0.0,0,0,1,6,1,48,0.0,0,0,2.0,5,1.0,0,0.0,0,0,0,0,0,0,0,0,9,0,0,0,2,0,0,32,8,0,0,6,0,4,0,12,0,0,2,0,0,0.1084507193400277,0,2,0,0,0,2,5,8,0,-0.5839635133743286,0.861172302479563,3,1,0,1392.4315677149425,0.0,0.0,0.0,0.0,0.0,39.99274674192611,0.0,0.0,0.0,0.0,0.0,0.0,0.0,0.0,-59.57561301847278,-0.1126725541720525,23.46405940632994,325.20115947908664,372.7771454782358,1162.273732561808
2,0,0,10767,0,2,0,0,0,13138,1,0,0,0,False,False,False,False,5450,0,0,0,0,1,0,0,1,1238,68885,6716,7474,0,0,0,0,15565,395,12274,0,0,186,68,44,6,3,4,3,12,200,17,0,84451,0,0,9310,0,154,272,41,1,0,0,0,128,0,0,4,0,9,0,0,6,False,0,0,0,0,0,0,0,0,0.0,0,0.259610505995707,1,0,0,0,0.0,0.0,0,0,18,0,0,0,0,0,0,0.0,0,1,1379.3915000754598,0.0,0.0,3,0,0,0.0,0,0,3.0,0,0,0,0,0.0,0,1,0,3,1,77,0.0,0,0,1.0,0,1.0,0,0.0,0,0,0,0,0,0,0,0,3,0,0,0,0,0,0,4,7,0,0,6,0,2,0,3,0,0,0,0,0,0.1774660429587516,0,2,0,0,0,0,5,7,0,-0.5476851463317871,0.401228356796861,0,0,0,0.0,0.0,0.0,0.0,0.0,0.0,0.0,0.0,0.0,0.0,0.0,0.0,0.0,0.0,0.0,-186.82150787930945,-0.2609846443017128,-100.26160085257467,288.1705447498079,309.31030093824666,864.6421265715746
5,0,0,11320,0,1,1199,1199,1199,12828,3,0,0,0,False,False,False,False,8235,0,0,0,1,4,0,3,1,1049,68038,11332,3961,0,0,0,0,10264,791,12280,0,0,196,59,39,7,3,12,4,4,100,39,0,78303,0,0,5330,0,151,307,82,1,0,0,0,926,0,0,4,0,16,1,2,8,False,0,0,0,0,0,300,0,0,0.0,0,0.2083798382800712,3,2,0,0,0.0,0.0,0,0,49,0,0,0,0,0,0,0.0,0,3,1328.281985496492,0.0,0.0,6,0,0,0.0,0,0,3.0,1,0,1,2,0.0,0,1,0,7,4,68,0.0,0,0,7.0,0,2.0,0,0.0,0,0,0,0,0,0,0,0,5,0,0,0,0,0,0,13,15,0,1,8,0,0,0,9,0,0,4,0,0,0.2339422215653913,0,0,0,0,1,0,0,6,0,0.1486215591430664,0.7495639744346886,2,2,0,0.0,0.0,0.0,0.0,0.0,0.0,0.0,0.0,0.0,0.0,0.0,0.0,0.0,0.0,0.0,-59.35486655759378,0.1355133939671091,-57.051138860152925,372.6166622782277,547.6096250210878,775.497982542443
1,0,0,12984,0,6,1062,2367,1062,17743,5,3,0,0,False,False,False,False,8025,0,0,2,0,1,0,0,1,545,110272,12273,3551,0,0,0,0,10933,1064,16192,0,0,212,94,62,8,3,12,4,4,200,45,0,121816,0,0,6300,0,180,471,144,1,0,609,609,1345,0,0,10,0,22,3,0,13,False,0,0,0,0,0,0,0,0,0.0,3,0.1983297416816438,5,1,0,0,0.0,0.0,0,0,64,0,0,0,0,0,0,0.0,0,0,1687.2345113433068,0.0,1.0,1,0,0,0.0,0,0,0.4,0,0,0,0,0.0,0,1,0,2,8,54,0.0,0,0,1.0,0,1.0,0,0.0,0,0,0,0,0,0,0,0,1,0,0,0,0,0,0,9,49,0,1,10,0,2,0,2,0,0,1,0,0,0.2590730651879322,0,0,0,0,1,0,0,8,0,-0.1472728848457336,0.7948971260710619,0,0,0,0.0,0.0,0.0,0.0,0.0,0.0,0.0,0.0,0.0,0.0,0.0,0.0,0.0,0.0,0.0,-176.02769384057987,-0.2844892021665937,-143.3469967416924,323.0374890601672,496.00692397745615,749.9490980614119
6,0,0,13059,0,2,1342,2335,1342,24030,3,0,0,0,True,False,False,False,8585,0,0,2,1,4,0,3,1,1156,72772,17917,14183,0,0,0,0,12939,1439,16591,0,0,240,84,59,8,2,12,4,4,200,52,0,89122,0,0,14463,0,125,472,84,1,0,3410,280,1875,0,0,9,0,18,0,3,9,False,0,0,0,0,0,150,0,0,0.0,0,0.2587792576132471,3,2,0,0,0.0,0.0,0,0,61,0,0,0,0,0,1,781.8528977,0,1,1561.5007604999998,0.0,1.0,4,0,0,0.0,1,0,3.333333333333333,0,0,1,0,0.0,0,0,0,5,1,51,0.0,0,0,14.0,0,1.0,0,0.0,0,0,0,0,0,0,0,0,9,0,0,0,0,0,0,13,9,0,1,9,0,0,0,10,0,0,5,0,0,0.2327255012079896,0,1,0,0,2,0,5,5,0,-0.1517883539199829,0.7157753748108137,3,2,0,0.0,0.0,0.0,0.0,0.0,0.0,0.0,0.0,0.0,0.0,0.0,0.0,0.0,0.0,0.0,6.455328268154245,-0.1921228651236382,-17.252633288102714,343.2851354029168,754.5433404865769,1254.6007338303823
9,0,0,15036,0,10,169,7258,169,38880,5,7,0,0,False,False,False,False,9475,0,0,3,1,3,4,2,1,804,106059,19373,12561,6,0,0,0,10635,1423,25586,0,0,277,107,70,11,4,12,3,4,200,52,4,125521,0,0,13363,0,161,503,154,1,0,8826,0,1007,0,0,11,0,31,8,3,13,False,0,0,4,0,0,150,0,0,0.3446194652305696,7,0.3252704543856605,5,33,0,0,0.0,0.0,0,0,76,0,0,0,0,0,0,0.0,0,2,1874.3405381,0.0,0.0,5,0,0,0.0,0,0,2.4,0,0,0,0,0.0,0,1,2,5,1,65,0.0,0,0,6.0,0,1.0,0,0.0,0,0,0,0,0,0,0,0,10,0,0,0,0,0,0,167,14,0,0,6,0,1,0,12,0,0,3,0,0,0.2033486444535448,0,1,0,0,1,0,0,7,0,0.0543071031570434,1.003425915999448,3,1,0,0.0,0.0,0.0,0.0,0.0,0.0,0.0,0.0,0.0,0.0,0.0,0.0,0.0,0.0,0.0,-141.80987637894165,0.0320112587762848,-106.62950298380468,314.54262873577443,665.738148770395,1253.4328486442075
8,0,0,12821,0,2,2552,3186,2552,21821,4,0,0,0,False,False,False,False,7835,0,0,0,1,3,0,2,1,741,70360,15853,4629,1,0,0,0,9193,2178,23493,0,0,206,94,55,9,2,12,3,4,100,47,0,83073,0,1,11806,0,108,351,155,1,0,3520,0,355,1,2,0,0,7,0,0,4,True,0,0,0,1,0,0,0,0,0.0,0,0.2843473866891788,4,6,0,0,0.0,0.0,0,0,66,3,0,0,0,0,1,852.3012258328904,0,0,1432.2874913800902,0.0,1.0,10,0,0,0.0,0,0,2.75,1,0,0,1,0.0,0,0,0,10,1,46,0.0,0,0,0.0,2,2.0,0,0.0,0,0,0,0,0,0,0,0,10,0,0,0,0,0,0,33,17,0,0,4,0,15,0,11,0,0,3,1,1,0.1990782040262139,0,2,0,0,1,2,5,5,0,-0.4822356104850769,0.3297086582248023,0,0,0,0.0,0.0,0.0,0.0,1240.112262966739,0.0,0.0,0.0,1.0,0.0,0.0,1.0,0.0,0.0,0.0,56.13398181850352,0.1675641248313538,111.17879682560324,338.47953215933467,755.3790747397429,1192.9308957056155
0,0,0,7578,0,2,1539,1539,1539,12347,4,0,0,0,False,False,False,False,5050,0,0,0,0,2,0,0,1,402,52311,8559,8773,0,0,0,0,11793,1809,9463,0,0,192,57,45,5,2,4,2,12,100,26,0,64296,0,0,7069,0,109,282,49,1,0,191,191,105,0,0,2,0,8,0,0,5,False,0,0,0,0,0,150,0,0,0.0,0,0.3390126728993095,4,1,0,0,0.0,0.0,0,0,35,0,0,0,0,0,0,0.0,0,0,986.7681016946703,0.0,0.0,2,0,0,0.0,0,0,0.5,0,0,0,1,0.0,0,1,0,2,2,52,0.0,0,0,1.0,0,1.0,0,0.0,0,0,0,0,0,0,0,0,2,0,0,0,0,0,0,10,10,0,0,5,0,11,0,2,0,0,2,0,0,0.3348316679827674,0,0,0,0,2,0,0,4,0,-0.2136839628219604,0.5316036560020208,0,0,0,0.0,0.0,0.0,0.0,0.0,0.0,0.0,0.0,0.0,0.0,0.0,0.0,0.0,0.0,0.0,-66.82421116648885,-0.1824136792533817,-60.378927832869365,344.4578309901359,642.0353464121528,1115.2772349551765
1,0,1,12567,0,3,2452,8454,2452,15513,2,0,0,0,False,False,False,False,7835,0,0,0,0,3,0,0,1,484,77896,11634,11417,0,0,0,0,10994,805,8747,0,0,189,66,39,8,4,12,2,4,200,34,0,102737,0,0,10002,0,152,341,62,1,0,13846,0,95,1,1,2,0,11,0,2,4,False,0,0,0,0,0,0,0,0,0.0,0,0.2561136068264115,2,1,0,0,0.0,0.0,0,0,36,0,0,0,0,0,1,863.3831832,0,0,1384.2541367,0.0,0.0,2,0,0,0.0,0,0,2.0,0,0,0,3,0.0,0,0,0,4,2,66,0.0,0,0,30.0,0,2.0,0,0.0,0,0,0,0,0,1,0,0,2,0,0,0,0,0,0,12,11,0,2,4,0,0,0,4,0,0,2,0,0,0.294319586138122,0,0,0,0,3,1,0,7,0,-0.4827286601066589,0.4867236855897774,2,2,0,0.0,0.0,0.0,0.0,0.0,0.0,0.0,0.0,0.0,0.0,0.0,0.0,0.0,0.0,0.0,50.756575788530206,-0.1300339260167298,71.56200395120698,357.50660726199584,539.1640019073674,878.1624470329821
10,0,0,19475,0,4,0,2970,0,40058,9,2,0,0,True,False,False,False,16300,0,0,2,1,7,0,3,1,489,159787,30196,17877,8,0,0,0,19778,2349,25584,0,0,323,143,90,13,5,4,5,12,100,58,0,184467,0,4,14151,0,223,467,346,1,0,4900,1305,2063,0,0,9,0,33,2,5,5,False,0,0,0,1,0,600,0,0,0.7584015239909261,2,0.2867218439722296,9,9,0,0,0.0,0.0,0,0,72,1,0,0,0,0,0,0.0,0,2,2164.7801333,0.0,0.0,12,0,0,0.0,0,0,1.8888888888888888,0,0,1,0,0.0,0,1,0,14,8,65,0.0,0,0,16.0,0,1.0,0,0.0,0,0,0,0,0,1,0,0,10,0,0,0,0,0,1,50,50,0,3,3,0,0,0,17,0,0,3,0,1,0.2674106165308648,0,0,0,0,0,0,0,10,0,0.0924426317214965,0.9175186029970446,5,1,0,0.0,0.0,0.0,0.0,1462.1153634,0.0,0.0,0.0,0.0,0.0,0.0,1.0,0.0,0.0,0.0,-49.97274242123145,0.0277164406107772,-120.84368106298898,432.0993091220179,938.229231115422,1261.790958805636
6,0,2,16081,0,5,2838,4278,2838,17956,3,3,0,0,False,False,False,False,9125,0,1,0,1,3,0,2,1,450,111121,12219,4778,0,0,0,0,12874,1074,19539,0,0,221,78,61,10,3,12,3,4,100,33,0,123996,0,0,10218,0,185,407,88,1,0,0,0,71,2,2,4,0,28,3,3,11,True,0,0,0,0,0,0,0,0,0.0636970680203722,3,0.3095712396918894,3,0,0,1,0.0,0.0,0,0,41,0,0,0,0,0,0,0.0,0,1,1508.7755523774983,0.0,0.0,5,0,0,0.0,0,0,3.0,2,0,0,0,0.0,0,2,0,6,0,54,0.0,0,0,0.0,0,1.0,0,0.0,0,0,0,0,0,0,0,0,7,0,0,0,0,0,0,3,9,0,2,4,1,0,0,9,0,0,3,0,1,0.1758145780314202,0,0,0,0,1,2,0,8,0,0.6543513536453247,1.130239792815748,3,1,0,1237.4182923797337,0.0,0.0,0.0,1311.5079797364644,0.0,0.0,0.0,0.0,0.0,0.0,1.0,0.0,0.0,0.0,-74.76261119306449,0.1590693855171584,66.37170110703437,407.6948350804772,528.6671027662761,969.8460434981153
5,0,0,12806,0,6,1833,2212,1833,19321,3,4,0,0,False,False,False,False,9150,0,0,1,1,4,0,3,1,745,89715,14353,7507,4,0,0,0,10454,1035,16315,0,0,194,90,51,8,4,12,4,4,200,35,0,107760,0,0,9765,0,148,381,60,1,0,7591,0,281,1,1,7,0,35,4,5,11,False,0,0,0,0,0,300,0,0,0.641058271133109,4,0.2201743857391484,3,0,0,0,0.0,0.0,0,0,43,0,0,0,0,0,1,809.4425909994803,0,1,1536.219214175661,0.0,0.0,8,0,0,0.0,0,1,3.0,2,0,1,0,0.0,0,0,0,8,0,51,0.0,0,0,1.0,0,0.0,0,0.0,0,0,0,0,0,1,0,0,7,0,0,0,1,0,1,6,9,0,0,7,0,2,1,9,0,0,3,0,0,0.2137072740588185,0,2,0,0,5,1,5,7,0,-0.2482557892799377,1.395954640001447,5,4,1,0.0,0.0,0.0,0.0,0.0,0.0,0.0,0.0,0.0,0.0,0.0,0.0,0.0,0.0,0.0,-98.97025020715226,-0.468683110688961,-40.228633667469154,401.5833120086581,601.0470325327017,941.4281416705596
5,0,0,14881,0,9,2620,11421,2620,27665,8,5,0,0,False,True,False,True,11975,0,0,2,2,6,0,2,1,526,134645,19788,8788,4,0,0,0,13705,1703,21305,0,0,261,122,86,12,5,4,4,12,100,48,0,149776,0,2,8265,0,175,380,254,1,0,1425,0,1596,2,3,10,0,29,7,3,11,False,0,0,0,0,0,0,0,0,0.7216136881997031,5,0.2445847862687184,8,2,0,2,0.0,0.0,0,0,51,2,0,0,0,0,1,923.5574389887396,0,0,1877.217846988773,0.0,0.0,3,0,0,0.0,0,0,1.375,0,0,0,1,0.0,0,2,0,5,3,46,0.0,0,0,25.0,0,1.0,0,0.0,0,0,0,0,0,1,0,0,7,0,0,0,1,0,0,17,16,0,4,6,0,7,1,11,0,0,4,1,0,0.246394022050567,0,2,0,0,3,3,10,8,0,-0.0567982196807861,0.9340409810004932,3,1,0,1056.6755961420836,0.0,0.0,0.0,0.0,0.0,0.0,0.0,0.0,0.0,0.0,0.0,0.0,0.0,0.0,-19.944408721692657,-0.031962193464251,-79.45801295212812,378.751992551375,686.9314619336836,1012.881910882116
4,0,0,9713,0,2,1029,1719,1029,10882,6,0,0,0,False,False,False,True,7400,0,0,0,1,2,0,2,1,288,79290,10203,6422,4,0,0,0,11062,1139,10614,0,0,168,80,61,6,4,12,4,4,200,42,0,93118,0,0,4687,0,125,345,152,1,0,2765,216,431,1,1,2,0,14,0,0,5,False,0,0,0,0,0,0,0,0,0.0,0,0.2409043934552832,6,1,0,0,0.0,0.0,0,0,63,0,1,0,0,0,1,891.2122107201523,0,1,1347.4577320786864,0.0,0.0,3,0,0,4.0,1,0,1.0,0,0,0,0,1.0,0,0,0,5,0,40,0.0,0,0,4.0,0,1.0,0,0.0,0,0,0,0,0,0,0,0,2,0,0,0,1,0,0,10,9,0,1,3,0,0,1,6,0,0,4,0,0,0.2305922328244466,0,1,0,0,4,1,0,5,0,0.0671415328979492,0.6255930877510242,0,0,0,0.0,0.0,0.0,0.0,0.0,0.0,0.0,0.0,0.0,0.0,0.0,0.0,0.0,0.0,0.0,-49.8716942284582,-0.2671697905095975,-62.82942906817368,358.58638716229814,514.7026014167396,777.8203167702749
10,0,0,13184,0,5,2717,4904,2717,22186,4,2,1,0,True,False,False,False,11675,1,1,0,3,6,0,2,2,590,88129,14371,3991,12,0,0,0,12836,1884,18148,0,0,247,75,86,7,3,12,4,4,100,41,0,105064,0,8,9904,0,142,406,88,1,0,4099,200,1114,1,2,0,0,25,3,5,6,True,0,1,0,1,0,0,1,0,0.3851067497586113,2,0.2491291564277434,4,17,0,0,0.0,0.0,0,0,63,7,0,0,0,0,1,641.0374310551091,0,0,1373.6668144181638,0.0,0.0,12,0,0,0.0,0,1,4.0,0,0,0,2,0.0,0,1,0,15,0,58,0.0,0,0,4.0,0,2.0,0,0.0,0,0,1,0,0,1,0,0,10,0,0,0,0,0,1,88,9,0,3,4,0,4,0,16,0,0,8,0,1,0.1953730195972331,0,2,0,0,7,2,5,6,0,0.1340073347091674,1.133642863856712,5,4,0,0.0,0.0,0.0,0.0,1306.558009506022,0.0,31.685553895146427,0.0,1.0,0.0,0.0,0.0,0.0,0.0,0.0,82.24701857404504,0.2183935702975173,65.4743923751957,485.92569391197617,718.7769185631892,1015.7048167396938
4,0,0,15866,0,4,2400,9349,2400,28535,5,0,0,0,False,False,True,False,13450,0,0,1,2,8,0,4,1,816,187442,25583,10616,16,0,0,0,14303,1177,21019,0,0,293,142,107,13,3,12,6,4,200,51,6,202554,0,6,14156,0,229,357,131,1,0,807,807,1201,0,3,7,0,13,0,4,3,False,0,0,3,0,0,375,0,0,0.0,0,0.2509768963398016,5,15,0,0,0.0,0.0,0,0,70,8,0,0,0,0,1,650.0883557907422,0,0,1858.9229069371816,0.0,0.0,9,0,0,0.0,0,1,2.4,2,0,2,2,0.0,0,1,0,10,0,63,0.0,0,0,51.00000002980232,0,2.0,0,0.0,0,1,0,0,0,0,0,0,11,0,0,0,0,0,0,80,11,0,1,3,0,4,0,12,0,0,6,1,0,0.3118492543408377,0,2,0,0,5,3,15,11,0,-0.5564920902252197,0.4407080280079849,4,2,1,0.0,0.0,0.0,0.0,0.0,0.0,0.0,0.0,0.0,0.0,0.0,0.0,0.0,0.0,0.0,87.50228392634293,0.0968302662408811,1.0328561732360655,462.4290748110347,889.837869998284,1059.904094272685
0,0,0,8319,0,2,2154,2154,2154,5925,1,0,0,0,False,False,False,False,5500,0,0,0,0,1,0,0,1,653,58781,5975,714,0,0,0,0,10853,361,7041,0,0,149,58,24,4,2,12,1,4,200,22,0,69855,0,0,3530,0,135,287,30,1,0,220,220,171,0,0,2,0,10,0,2,5,False,0,0,0,0,0,0,0,0,0.0,0,0.1500030052346883,1,0,0,0,0.0,0.0,0,0,24,0,0,0,0,0,1,646.8978408251987,0,0,959.7545403190674,0.0,1.0,1,0,0,0.0,0,0,1.0,1,0,0,0,0.0,0,0,0,1,6,76,0.0,0,0,1.0,0,1.0,0,0.0,0,0,0,0,0,0,0,0,1,0,0,0,0,0,0,0,23,0,0,5,0,2,0,1,0,0,1,0,0,0.2190994825524038,0,1,0,0,2,0,0,6,0,0.0677318572998046,0.6829797501028348,2,2,0,0.0,0.0,0.0,0.0,0.0,0.0,0.0,0.0,0.0,0.0,0.0,0.0,0.0,0.0,0.0,-25.25645775214722,-0.0625159845350178,-30.320252499483665,373.15791168952165,409.91731059611215,495.62672539362165
8,1,1,16508,0,5,3446,18034,3446,18733,2,2,0,0,False,False,False,False,9310,1,1,0,0,3,0,0,1,1011,107769,10522,4971,12,0,0,0,17208,995,17136,0,0,196,82,57,10,2,12,4,4,100,32,2,134564,0,0,11445,0,197,323,86,1,0,9587,0,2916,2,4,4,0,18,3,0,7,True,0,0,2,1,0,0,0,0,0.4181552433639875,2,0.2366518317489808,2,2,0,0,0.0,0.0,0,0,47,0,0,0,0,0,0,0.0,1,1,1594.6848731,0.0,0.0,8,0,0,0.0,1,0,5.5,2,0,0,1,0.0,0,0,0,8,1,80,0.0,0,0,23.0,3,4.0,0,0.0,0,0,0,0,0,0,0,0,10,0,0,0,0,0,1,13,12,0,0,5,0,0,0,11,0,0,4,0,1,0.142193361906658,0,0,0,0,2,4,0,9,0,-0.0657224655151367,0.6891784717874888,0,0,0,0.0,0.0,0.0,0.0,1266.3238738,0.0,25.074250799999845,0.0,0.0,0.0,0.0,0.0,0.0,0.0,0.0,60.04948163447904,0.1881249424639068,174.5799466065055,394.87425423174034,433.32699247136287,941.5277120433608
3,0,1,11597,0,3,1108,1518,1108,13991,4,1,0,0,False,False,False,False,9220,0,0,2,1,5,0,2,1,643,81312,10224,5091,0,0,0,0,13892,798,12115,0,0,207,91,52,9,2,12,3,4,200,24,0,95521,0,0,6298,0,175,257,152,1,0,316,0,1519,0,0,9,0,13,1,1,6,False,0,0,0,0,0,875,0,0,0.0,1,0.1869136995483808,4,3,0,0,1.0,0.0,0,0,34,0,0,0,0,0,0,0.0,0,0,1439.0677461919402,0.0,0.0,6,0,0,0.0,0,0,2.0,2,0,0,0,0.0,0,2,0,6,2,74,0.0,0,0,26.0,0,2.0,0,0.0,0,0,0,0,0,0,0,0,8,0,0,0,0,0,0,22,8,0,0,5,0,0,0,8,0,0,6,1,0,0.2146434452428685,0,0,0,0,3,0,0,8,0,-0.3854584097862243,0.5588817389003834,1,1,0,0.0,0.0,0.0,0.0,0.0,0.0,0.0,0.0,0.0,0.0,0.0,0.0,0.0,0.0,0.0,-10.465108428600224,-0.083387318156177,11.549143564630524,439.6596349784437,459.5475103586919,780.755459896286
1,0,0,13911,0,4,862,4741,862,21904,3,2,0,0,False,False,False,False,8985,0,0,2,1,2,0,2,1,897,105309,9470,10994,8,0,0,0,14862,1505,15032,0,0,221,127,77,13,4,4,3,12,200,44,5,126406,0,0,13788,0,162,424,76,1,0,6235,0,1691,0,0,9,0,27,2,3,14,False,0,0,4,0,0,0,0,0,0.5834179297675214,2,0.2215242157799933,3,5,0,0,0.0,0.0,0,0,53,0,0,0,0,0,0,0.0,0,0,1870.8358477,0.0,0.0,2,0,0,0.0,0,0,1.0,0,0,0,1,0.0,0,1,0,3,0,48,0.0,0,0,3.0,0,1.0,0,0.0,0,0,0,0,0,0,0,0,1,0,0,0,0,0,0,31,10,0,1,11,0,8,0,3,0,0,2,0,0,0.236770275805969,0,1,0,0,2,0,0,7,0,-0.276038646697998,0.8867610168714722,3,3,0,0.0,0.0,0.0,0.0,0.0,0.0,0.0,0.0,1.0,0.0,0.0,0.0,0.0,0.0,0.0,-115.71298479561416,-0.1924273583075623,-66.96472069103169,296.9154138685687,352.0137807973007,888.9502529281688
11,0,0,12740,0,2,1980,3891,1980,14646,3,0,0,0,False,False,False,False,8950,0,1,0,1,2,0,2,1,651,77597,12648,2789,4,0,0,0,14334,1706,15870,0,0,244,99,76,6,4,12,4,4,100,47,0,99028,0,4,7496,0,142,394,42,1,0,7097,146,512,0,4,2,0,12,0,0,8,True,0,0,0,1,0,0,1,0,0.0,0,0.2711889327029695,3,0,0,0,0.0,0.0,0,0,68,1,0,0,0,0,1,722.6539722171747,1,3,1418.571044566413,0.0,0.0,10,0,0,0.0,0,0,4.333333333333333,0,0,0,1,0.0,0,0,0,10,1,62,0.0,0,0,19.0,2,2.0,0,0.0,0,1,0,0,0,0,0,0,9,0,0,0,1,0,0,2,11,0,0,7,0,13,0,13,0,0,4,0,1,0.2156267351699432,0,2,0,0,4,4,15,6,0,0.2167805433273315,0.5488522911840156,0,0,1,0.0,0.0,0.0,0.0,1305.4663115566125,0.0,0.0,0.0,0.0,0.0,0.0,0.0,0.0,0.0,0.0,77.78249839698756,0.3383686716562809,102.77948401559532,393.0152121287703,613.3355134609661,810.9005216242771
3,0,4,8156,0,4,2434,3234,2434,9022,1,1,0,0,False,False,False,True,8125,0,0,0,1,4,0,4,1,171,59276,7326,1771,4,0,0,0,11378,482,11815,0,0,134,52,44,4,2,12,2,4,200,20,0,70654,0,0,6276,0,125,277,8,1,0,0,0,70,1,2,0,0,12,1,2,4,True,0,0,0,0,0,0,0,0,0.2411831503254573,1,0.3103953272343407,1,0,0,1,0.0,0.0,0,0,27,0,0,0,0,0,1,692.318206026821,0,0,981.5244255839388,0.0,0.0,2,0,0,0.0,0,1,7.0,1,0,1,1,0.0,0,1,0,5,0,88,1.0,0,0,68.0,1,3.0,0,0.0,0,0,0,0,0,0,0,0,4,0,0,0,0,0,1,1,5,0,3,3,0,2,1,7,0,0,5,0,0,0.2144197828392498,0,1,0,0,6,2,0,5,0,4.122595310211182,0.7567579119337701,2,2,1,944.0475309071404,0.0,0.0,0.0,0.0,0.0,0.0,0.0,0.0,0.0,0.0,0.0,0.0,0.0,0.0,220.00471345532816,0.2445176031734683,146.52717370170092,507.00725018018665,477.3594907954037,834.783097234221
5,0,1,19484,0,6,3271,4764,3271,27862,4,4,0,0,False,False,False,False,11835,0,1,0,2,7,0,4,1,505,131693,22244,6407,0,0,0,0,14685,1565,22794,0,0,275,107,66,15,5,12,5,4,100,52,0,150383,0,0,14002,0,211,466,152,1,0,4005,0,2088,3,3,3,0,28,4,4,12,True,0,0,0,1,1,300,0,0,0.5636816615299841,4,0.2195144394952782,4,0,0,1,0.0,0.0,0,0,72,0,0,0,0,0,0,0.0,0,2,1913.081379108472,0.0,0.0,8,0,0,0.0,0,0,3.0,1,0,1,1,0.0,0,0,0,11,0,68,0.0,0,0,41.0,4,3.0,0,0.0,0,0,0,0,0,0,0,0,6,0,0,0,0,0,0,8,13,0,3,1,0,4,0,12,0,0,3,1,2,0.2010902252848536,0,1,0,0,1,3,5,10,0,0.0089384317398071,0.9095158300441838,4,1,3,1624.1642655120245,0.0,0.0,0.0,1417.257222851582,0.0,0.0,0.0,0.0,0.0,0.0,1.0,0.0,0.0,0.0,-9.785260681761397,0.0313630150056455,109.1119292046407,404.5515305578213,746.7533872844194,981.3801025416534
0,0,0,6108,0,7,0,0,0,9232,5,1,0,0,False,False,False,False,3560,0,0,0,0,1,0,0,1,322,35630,4863,4434,0,0,0,0,6212,467,10283,0,0,129,48,22,4,2,12,3,4,100,16,0,44645,0,0,4177,0,79,236,108,1,0,2802,82,84,0,0,3,0,9,1,1,7,False,0,0,0,0,0,150,0,0,0.0,1,0.2349468807076578,5,0,0,0,0.0,0.0,0,0,19,0,0,0,0,0,0,0.0,0,0,917.5725283468736,0.0,0.0,1,0,0,0.0,0,0,0.2,0,0,0,0,0.0,0,0,0,1,4,55,0.0,0,0,1.0,0,1.0,0,0.0,0,0,0,0,0,0,0,0,1,0,0,0,0,0,0,2,14,0,0,6,0,2,0,1,0,0,1,0,0,0.1683406205300227,0,1,0,0,0,0,0,3,0,-0.3704695105552673,0.6455872061571087,1,1,0,0.0,0.0,0.0,0.0,0.0,0.0,0.0,0.0,0.0,0.0,0.0,0.0,0.0,0.0,0.0,-119.33661549052532,-0.3269496314808913,-119.92512482719091,281.1766830735665,353.9556710412129,967.9016890360306
9,0,1,15058,0,3,2917,7075,2917,29387,6,1,1,0,False,False,False,False,9175,0,0,0,1,7,0,5,4,1061,99565,15760,6184,5,0,0,0,12617,1894,24227,1,0,236,95,93,11,3,4,6,14,100,39,0,113154,0,4,11847,0,154,343,247,1,1,971,875,3690,1,2,4,0,17,1,2,11,True,0,0,0,0,0,0,0,0,0.8181994437111222,1,0.265445249215503,6,6,0,1,0.0,0.0,0,0,55,2,0,0,0,0,0,0.0,0,6,1840.8494233,0.0,0.0,12,0,0,0.0,0,0,2.6666666666666665,0,0,1,0,0.0,0,0,0,12,1,68,0.0,0,0,10.0,2,1.0,0,0.0,0,0,3,0,0,0,0,0,15,0,0,0,0,0,0,33,12,0,0,9,0,2,1,16,0,0,3,0,1,0.1670696874994442,0,1,0,0,1,2,0,7,0,-0.495951235294342,0.5715234138308295,2,1,0,1357.2811344,0.0,0.0,0.0,1704.1750318,0.0,0.0,0.0,0.0,0.0,0.0,1.0,0.0,0.0,0.0,1.4341205568391369,0.1303745960762851,24.93414149958954,369.0578878429442,603.9603163233911,1111.5412124973884
11,0,4,16203,0,4,4285,6752,4285,20608,1,2,0,0,False,False,False,False,10400,0,1,0,2,7,0,4,1,1006,93016,21639,8931,4,0,0,0,22486,2764,15560,0,0,240,87,73,7,3,12,2,4,100,50,0,123772,0,4,15403,0,183,366,38,1,0,8270,0,659,1,2,3,0,21,2,4,7,True,0,0,0,1,0,0,0,0,0.6407645890569275,2,0.2622843692608986,1,3,0,1,0.0,0.0,0,0,60,6,0,0,0,0,1,732.5598230017847,0,1,1439.273339833912,0.0,1.0,7,0,0,0.0,0,0,18.0,4,0,2,3,0.0,0,1,0,9,5,72,0.0,0,0,22.0,0,3.0,0,0.0,0,0,0,0,0,1,0,0,10,0,0,0,0,0,0,17,20,0,2,5,0,0,0,18,0,0,5,0,1,0.2769874350469513,0,2,0,0,3,2,5,8,0,0.4446178674697876,0.8844481260830541,4,2,0,1204.9053994719704,0.0,0.0,0.0,1287.6241407166222,0.0,0.0,1.0,0.0,0.0,0.0,1.0,0.0,0.0,0.0,139.27861682141108,0.7086909565890417,184.6348380431097,490.2890788496306,1017.305024331905,1048.5291141251516
0,0,0,7560,0,4,331,517,331,6159,1,0,0,0,False,False,False,False,4525,0,0,0,0,1,0,0,1,838,46494,3130,2857,0,0,0,0,9104,580,7135,0,0,139,52,38,4,2,12,2,4,200,13,0,58773,0,0,4581,0,122,204,32,1,0,3175,0,442,0,0,2,0,5,1,0,3,False,0,0,0,0,0,0,0,0,0.0,0,0.2220256740527017,1,0,0,0,0.0,0.0,0,0,17,0,0,0,0,0,0,0.0,0,0,946.5254613314844,0.0,0.0,1,0,0,0.0,0,0,1.0,0,0,0,0,1.0,0,1,0,1,0,80,0.0,0,0,27.0,0,1.0,0,0.0,0,0,0,0,0,0,0,0,1,0,0,0,0,0,0,8,3,0,0,3,0,0,0,1,0,0,1,0,0,0.2005592453046815,0,0,0,0,1,0,0,5,0,-0.4513436555862427,0.3343293320769284,0,0,0,0.0,0.0,0.0,0.0,0.0,0.0,0.0,0.0,0.0,0.0,0.0,0.0,0.0,0.0,0.0,-24.8487768801425,-0.3803384216348341,43.16841085555368,330.64086787454914,235.2393137811449,661.4719049599157
11,0,6,15753,0,5,1786,4555,1786,19614,4,3,0,0,False,False,False,False,10825,1,1,0,1,6,0,6,1,1039,95623,17411,8991,4,0,0,0,17179,2221,15785,0,0,240,99,108,10,5,4,4,12,100,52,0,117378,0,4,14914,0,153,455,63,1,0,4576,322,2596,1,1,2,0,27,3,4,9,True,0,0,0,1,0,525,0,0,0.259803501180719,3,0.2932732546108105,4,4,0,0,0.0,0.0,0,0,72,4,0,0,0,0,0,0.0,0,2,1680.37949959381,0.0,0.0,8,0,0,0.0,0,0,4.25,0,0,1,0,0.0,0,1,0,8,0,50,0.0,0,0,0.0,8,3.0,0,0.0,0,1,0,0,0,0,0,0,10,0,0,0,0,0,0,21,8,0,1,6,0,5,0,17,0,1,3,0,1,0.2573071274455475,0,1,0,0,1,1,10,7,0,0.4931174516677856,0.9864554948212388,4,1,2,0.0,0.0,0.0,0.0,1263.165946346439,0.0,0.0,0.0,3.0,0.0,0.0,1.0,0.0,0.0,0.0,35.13492042379204,0.1785310997143904,123.93628942172984,432.295204848425,712.4819127401894,977.386358496402
1,0,0,8377,0,5,2221,2892,2221,14671,5,3,0,0,False,False,False,False,7810,0,0,3,1,4,0,4,1,982,73858,9943,3458,0,0,0,0,8054,1006,14507,0,0,192,69,43,10,4,12,4,4,200,22,0,81912,0,0,5634,0,148,226,181,1,0,0,0,2131,0,0,11,0,19,3,1,8,False,0,0,0,0,0,0,0,0,0.5380438861996827,3,0.2406002685890566,5,1,0,0,1.0,0.0,0,0,28,0,0,0,0,0,0,0.0,0,0,1406.6285782604166,0.0,0.0,4,0,0,0.0,0,0,1.0,0,0,1,1,0.0,0,2,0,5,2,81,0.0,0,0,22.0,0,2.0,0,0.0,0,0,0,0,0,1,0,0,4,0,0,0,1,0,0,9,8,0,1,5,0,0,0,5,0,0,4,0,0,0.2733636657258008,0,1,0,0,4,0,0,7,0,0.3299055099487304,0.8239427361624132,1,1,0,0.0,0.0,0.0,0.0,0.0,0.0,0.0,0.0,0.0,0.0,0.0,0.0,0.0,0.0,0.0,-149.54907304681174,0.0426551834132378,-177.95742520002813,345.5496408306395,467.0316031915408,857.2838762392535
6,0,0,13059,0,2,1342,2335,1342,24030,3,0,0,0,True,False,False,False,8585,0,0,2,1,4,0,3,1,1156,72772,17917,14183,0,0,0,0,12939,1439,16591,0,0,240,84,59,8,2,12,4,4,200,52,0,89122,0,0,14463,0,125,472,84,1,0,3410,280,1875,0,0,9,0,18,0,3,9,False,0,0,0,0,0,150,0,0,0.0,0,0.2587792576132471,3,2,0,0,0.0,0.0,0,0,61,0,0,0,0,0,1,781.8528977,0,1,1561.5007604999998,0.0,1.0,4,0,0,0.0,1,0,3.333333333333333,0,0,1,0,0.0,0,0,0,5,1,51,0.0,0,0,14.0,0,1.0,0,0.0,0,0,0,0,0,0,0,0,9,0,0,0,0,0,0,13,9,0,1,9,0,0,0,10,0,0,5,0,0,0.2327255012079896,0,1,0,0,2,0,5,5,0,-0.1517883539199829,0.7157753748108137,3,2,0,0.0,0.0,0.0,0.0,0.0,0.0,0.0,0.0,0.0,0.0,0.0,0.0,0.0,0.0,0.0,6.455328268154245,-0.1921228651236382,-17.252633288102714,343.2851354029168,754.5433404865769,1254.6007338303823
4,0,0,14087,0,10,1056,4909,1056,22223,8,5,0,0,False,False,False,False,8225,0,1,0,0,2,0,0,1,448,100402,14900,15554,0,0,0,0,10707,1277,11804,0,0,250,97,73,11,4,12,4,4,100,41,0,117016,0,0,7489,0,154,453,237,1,0,5906,30,1685,0,3,3,0,32,5,4,11,True,0,0,0,0,0,375,0,0,0.7550044394506082,5,0.2661238787806728,8,25,0,0,0.0,0.0,0,0,49,0,0,0,0,0,1,820.1567352706613,0,0,1693.765151588164,0.0,0.0,4,0,0,0.0,0,0,0.75,0,0,0,0,0.0,0,0,0,4,2,63,0.0,0,0,3.0,0,1.0,0,0.0,0,0,0,0,0,0,0,0,3,0,0,0,1,0,0,129,9,0,1,6,0,6,0,6,0,0,1,0,1,0.1512228946276827,0,1,0,0,0,3,0,7,0,0.267200231552124,1.158208890035166,4,2,1,0.0,0.0,0.0,0.0,1272.6373819689234,0.0,0.0,0.0,0.0,0.0,0.0,1.0,0.0,0.0,0.0,-24.690554036247207,-0.3188163361925751,-62.59427400580891,328.9476108760281,574.1527974454731,1028.8557409307946
5,0,1,8723,0,3,4015,4857,4015,6159,2,1,0,0,False,False,False,False,5775,0,0,0,1,3,0,2,1,641,52684,6826,190,0,0,0,0,9774,740,8387,0,0,137,61,46,3,3,4,3,12,100,22,0,62459,0,0,4228,0,110,239,49,1,0,0,0,1809,2,4,0,0,17,1,1,7,True,0,0,0,0,0,0,0,0,0.0,1,0.1567258992261533,2,0,0,0,0.0,0.0,0,0,31,0,0,0,0,0,1,721.3718529275358,0,1,1091.799848700267,0.0,0.0,3,0,0,0.0,0,1,4.0,1,0,0,1,0.0,0,0,0,4,0,58,1.0,0,0,30.0,2,2.0,0,0.0,0,0,0,0,0,0,0,0,4,0,0,0,1,0,0,4,4,0,1,5,0,2,0,8,0,0,3,0,0,0.1258942711537406,0,2,0,0,5,4,10,5,0,1.4210999011993408,0.9658487781071166,1,1,0,0.0,0.0,0.0,0.0,0.0,0.0,0.0,0.0,0.0,0.0,0.0,0.0,0.0,0.0,0.0,102.43635784813485,0.0549551276009307,81.33358884937743,442.71850795309774,415.7904954286417,570.8189103908672
1,0,0,8724,0,4,1865,4463,1865,9102,2,1,0,0,False,False,False,False,6900,0,0,0,1,5,0,5,1,779,63737,9165,988,0,0,0,0,10682,887,13189,0,0,140,68,39,4,2,12,1,4,200,25,0,74419,0,0,7785,0,132,301,47,1,0,0,0,676,0,0,3,0,12,2,1,6,False,0,0,0,0,0,0,0,0,0.3754402561688389,1,0.2605328690361794,2,0,0,1,0.0,0.0,0,0,32,0,0,0,0,0,0,0.0,0,0,1038.0458182,0.0,0.0,3,0,0,0.0,0,0,3.0,0,0,1,1,0.0,0,2,0,6,2,71,1.0,0,0,42.0,0,2.0,0,0.0,0,0,0,0,0,1,0,0,2,0,0,0,0,0,0,1,7,0,3,5,0,0,0,6,1,0,5,0,0,0.2684899607045622,0,1,0,0,4,0,0,6,0,0.7913085222244263,0.7066976472947594,1,1,0,829.2196348,0.0,0.0,0.0,0.0,0.0,0.0,0.0,0.0,0.0,0.0,0.0,0.0,0.0,0.0,107.50970529751515,0.2312036673064842,120.2259069993718,420.2126653295351,581.0726168580214,858.5748185426291
0,0,0,7216,0,3,0,0,0,5645,2,1,0,0,False,False,False,False,4975,0,0,0,0,1,0,0,1,462,38515,4688,7221,0,0,0,0,11165,488,3510,0,0,158,54,27,3,2,12,1,4,200,10,0,63540,0,0,5339,0,109,270,48,1,0,13860,80,105,0,0,4,0,7,1,0,6,False,0,0,0,0,0,300,0,0,0.2625793712271411,1,0.2195279585925022,2,2,0,0,0.0,0.0,0,0,6,0,0,0,0,0,0,0.0,0,0,961.6801831,0.0,0.0,1,0,0,0.0,0,0,0.5,0,0,0,0,0.0,0,0,0,1,3,70,0.0,0,0,1.0,0,1.0,0,0.0,0,0,0,0,0,0,0,0,1,0,0,0,0,0,0,11,10,0,0,5,0,0,0,1,0,0,1,0,0,0.2382812981687152,0,0,0,0,0,0,0,5,0,-0.2393066883087158,0.4881738478678876,0,0,0,0.0,0.0,0.0,0.0,0.0,0.0,0.0,0.0,0.0,0.0,0.0,0.0,0.0,0.0,0.0,-134.3274014273488,-0.1871724125787489,-96.83052810740612,315.5102968035778,327.98845764216105,676.1291450386341
5,0,0,10525,0,6,733,733,733,13106,4,1,0,0,False,False,False,False,7060,0,1,0,0,1,0,0,1,417,58436,6892,6384,4,0,0,0,10023,993,11479,0,0,126,72,49,7,4,12,3,4,100,29,0,73794,0,4,8078,0,123,335,121,1,0,5335,0,758,1,2,0,0,12,1,0,5,True,0,0,0,0,0,0,0,0,0.4943125719562782,1,0.2371393104435399,4,0,0,0,0.0,0.0,0,0,41,3,0,0,0,0,1,659.7066885177101,0,0,1369.8556272519156,0.0,0.0,4,0,0,0.0,0,0,1.5,0,0,0,0,0.0,0,0,0,4,1,68,0.0,0,0,7.0,0,1.0,0,0.0,0,0,0,0,0,0,0,0,4,0,0,0,0,0,0,5,9,0,0,2,0,0,0,6,0,0,0,0,1,0.1074045047334418,0,2,0,0,0,2,5,5,0,0.761367678642273,0.5655885696949619,0,0,0,0.0,0.0,0.0,0.0,1273.2235998871713,0.0,0.0,0.0,1.0,0.0,0.0,1.0,0.0,0.0,0.0,0.6570035426328109,-0.0438002361755207,-2.759414879057806,326.9249628140867,345.3648622439809,815.647998060547
10,0,0,18763,0,5,1431,5459,1431,69675,2,3,0,0,False,False,False,False,12125,0,0,4,0,0,51,0,0,1213,158905,20275,21251,1,0,0,0,25739,2529,22273,0,0,257,139,87,11,4,4,4,12,100,55,0,187140,0,0,25270,740,277,474,96,5,0,2495,0,2548,0,0,11,0,20,3,1,12,False,0,0,0,0,0,0,0,0,0.0,3,0.2367496705602339,2,3,0,1,0.0,740.7339477539062,0,0,80,0,0,0,0,0,0,0.0,0,1,2275.1364107,0.0,0.0,9,0,0,0.0,0,0,5.0,0,0,0,0,0.0,0,0,0,9,2,82,0.0,0,0,63.0,0,1.0,0,0.0,0,0,0,0,0,0,0,0,8,0,0,0,0,0,0,21,23,0,0,6,0,2,0,10,0,0,0,0,0,0.1743635140756701,0,0,0,1,2,0,0,13,0,-0.3367510437965393,0.5402297500630119,3,0,1,1190.0696447,0.0,0.0,0.0,0.0,0.0,0.0,0.0,0.0,0.0,0.0,0.0,0.0,0.0,0.0,-49.79042112255007,-0.1054881803443857,-48.92014363470888,329.91428402706634,601.388116143343,1215.0128612066349
8,0,3,17467,0,7,5445,12729,5445,21663,2,4,0,0,False,False,False,False,10050,0,1,0,1,4,0,3,1,526,119879,14511,8641,0,0,0,0,18144,1690,18657,0,0,217,75,53,7,3,12,4,4,100,27,0,144600,0,0,16208,0,202,312,49,1,0,6576,345,2826,2,4,3,0,19,4,2,9,True,0,0,0,1,0,0,0,0,0.5481710409589015,4,0.2773965042949411,2,2,0,0,0.0,0.0,0,0,40,0,0,0,0,0,1,823.1113798,0,2,1593.5849105999998,0.0,0.0,5,0,0,0.0,1,0,6.0,1,0,1,0,0.0,0,0,0,7,6,56,0.0,0,0,4.999999970197678,2,3.0,0,0.0,0,0,0,0,0,0,0,0,8,0,0,0,1,0,0,18,31,0,2,5,0,0,0,12,0,0,2,0,1,0.2303326220947197,0,1,0,0,1,4,5,9,0,-0.1232788562774658,0.7515076476895663,2,1,0,0.0,0.0,0.0,0.0,1446.2993341,0.0,0.0,1.0,2.0,0.0,0.0,1.0,0.0,0.0,0.0,27.598152886275205,0.3012076713372464,206.5908115784339,453.9576116641475,623.0104172021771,1134.2727883382356
5,0,2,11106,0,5,2007,4305,2007,13609,3,2,1,0,False,False,False,False,6925,0,1,0,2,7,0,3,2,419,66572,9841,4674,4,0,0,0,9210,1430,14181,0,0,215,56,54,6,4,4,3,12,100,31,0,81973,0,2,8067,0,113,305,70,1,0,6190,0,1168,2,3,1,0,15,3,0,8,True,0,0,0,0,0,150,0,0,0.3967589976538428,3,0.2787276843442722,3,2,0,0,0.0,0.0,0,0,43,2,0,0,0,0,1,853.8534278,1,1,1259.2922942,0.0,0.0,6,0,0,0.0,0,0,4.0,4,0,1,1,0.0,0,2,0,7,1,54,0.0,0,0,0.0,3,2.0,0,0.0,0,1,1,0,0,0,0,0,6,0,0,0,0,0,0,11,8,0,2,6,0,0,0,12,0,1,5,0,0,0.1800016755274371,0,1,0,0,1,3,10,5,0,0.096875786781311,0.7480576841623263,0,0,1,0.0,0.0,0.0,0.0,0.0,0.0,28.05935599999998,0.0,0.0,0.0,0.0,0.0,0.0,0.0,0.0,60.31959406871117,0.3811664712082854,98.34094957173764,412.8985799363752,537.0159121235731,954.0596774343384
0,0,0,5825,0,4,0,0,0,4198,0,0,0,0,False,False,False,False,3950,0,0,2,0,0,0,0,0,0,22514,2155,1719,0,0,0,0,7816,340,4774,0,0,94,35,21,3,1,12,0,4,100,9,0,30483,0,0,3007,0,90,116,0,1,0,151,151,430,0,0,7,0,5,0,0,4,False,0,0,0,0,0,0,0,0,0.0,0,0.1668027320001853,0,0,0,0,0.0,0.0,0,0,11,0,0,0,0,0,0,0.0,0,0,912.1642252785456,0.0,0.0,0,0,0,0.0,0,0,0.0,0,0,0,0,0.0,0,0,0,0,8,73,0.0,0,0,7.0,0,1.0,0,0.0,0,0,0,0,0,0,0,0,0,0,0,0,0,0,0,2,15,0,0,4,0,0,0,0,0,0,0,0,0,0.1219531651580393,0,0,0,0,0,0,0,4,0,-0.0591527819633483,0.3898573606845156,0,0,0,0.0,0.0,0.0,0.0,0.0,0.0,0.0,0.0,0.0,0.0,0.0,0.0,0.0,0.0,0.0,-154.3800952695751,-0.1973328870084044,-189.17646101205705,267.386061896388,174.1791615994183,455.44430321539744
1,0,0,8609,0,3,0,0,0,6340,1,1,0,0,False,False,False,False,4760,0,0,0,1,2,0,2,1,980,55953,9244,1459,0,0,0,0,9511,902,7587,0,0,144,45,27,5,1,12,3,4,200,23,0,68184,0,0,4348,0,140,307,0,1,0,2720,0,446,0,0,3,0,9,1,1,5,False,0,0,0,0,0,0,0,0,0.5787496901242298,1,0.2234274906435342,1,0,0,0,0.0,0.0,0,0,29,0,0,0,0,0,0,0.0,0,0,991.4550663648268,0.0,1.0,2,0,0,0.0,0,0,3.0,1,0,0,1,0.0,0,0,0,2,0,76,0.0,0,0,13.0,0,1.0,0,0.0,0,0,0,0,0,0,0,0,3,0,0,0,0,0,0,4,7,0,0,4,0,0,0,3,0,0,3,1,0,0.3294921490309136,0,1,0,0,0,0,0,6,0,0.0230622291564941,0.5988707247531161,1,1,0,0.0,0.0,0.0,0.0,0.0,1.0,0.0,0.0,0.0,0.0,0.0,0.0,0.0,0.0,1.0,-27.95890700486858,0.0605171147291527,1.4524107534996664,369.5175025362068,614.0671631567131,574.4889701238473
5,0,0,12609,0,3,3254,3254,3254,23439,7,1,0,0,False,False,False,False,8425,0,0,3,0,3,0,0,1,567,80781,12824,8686,0,0,0,0,10789,829,19930,0,0,222,65,46,8,3,12,3,4,200,33,0,91570,0,0,7621,0,141,375,212,1,0,0,0,1179,1,1,11,0,17,1,1,8,False,0,0,0,0,0,300,0,0,0.0,1,0.2422412467643395,7,6,0,0,0.0,0.0,0,0,42,0,0,0,0,0,0,0.0,0,1,1545.0728369,0.0,0.0,6,0,0,0.0,0,0,1.1428571428571428,1,0,0,0,0.0,0,0,0,7,0,61,0.0,0,0,13.0,0,2.0,0,0.0,0,0,0,0,0,0,0,0,6,0,0,0,0,0,0,37,8,0,1,7,0,0,0,8,0,0,2,0,0,0.1731894408280562,0,0,0,0,3,1,0,6,0,0.1444367170333862,0.66601163336046,1,1,0,0.0,0.0,0.0,0.0,0.0,0.0,0.0,1.0,0.0,0.0,0.0,0.0,0.0,0.0,0.0,-85.23869998532882,-0.2718318450557183,-82.36504905188266,347.9447616713195,530.1885972208175,1157.0716650400263
12,0,3,16515,0,5,3431,7133,3431,19077,1,3,0,0,False,False,False,False,9575,1,1,0,2,8,0,5,1,1225,99488,17681,8803,4,0,0,0,18231,1926,14250,0,0,237,65,54,10,2,12,4,4,200,44,0,122900,0,0,13407,0,177,388,41,1,0,5180,0,301,2,3,1,0,23,3,2,8,True,0,0,0,1,0,0,0,0,0.6760873869551195,3,0.2419050486796088,1,0,0,2,0.0,0.0,0,0,67,0,0,0,0,0,1,654.0569833570294,0,1,1678.402644323979,0.0,0.0,14,0,0,0.0,0,0,20.0,2,0,2,4,0.0,0,0,0,18,2,82,1.0,0,0,56.0,2,3.0,0,0.0,0,0,0,0,0,0,0,0,11,0,0,0,0,0,1,6,13,0,4,5,0,2,0,20,0,0,6,0,1,0.1974596417800901,0,2,0,0,1,3,5,8,0,0.7101460695266724,0.8328290360403199,2,0,0,1151.2091346263503,0.0,0.0,0.0,1303.6536266317944,0.0,34.44964608027249,0.0,0.0,0.0,0.0,1.0,0.0,0.0,0.0,168.69611172117885,0.5004758559221242,166.30097726783725,414.930232834864,700.9164362189349,834.9009725043721
9,0,2,17647,0,11,225,1727,225,29753,9,8,0,0,False,False,False,False,10750,0,0,0,1,3,0,2,1,373,112154,16406,6304,13,0,0,0,18528,1885,28374,0,0,241,103,79,9,4,12,4,4,100,40,8,138252,0,0,12806,0,165,385,207,1,0,7570,0,1126,0,1,4,0,41,8,3,20,True,0,0,7,1,0,0,0,0,0.4817692425472877,8,0.264262410079015,9,2,0,0,0.0,0.0,0,0,64,0,0,0,0,0,1,704.8518290568919,0,0,1802.06590025759,0.0,0.0,8,0,0,0.0,0,0,1.3333333333333333,0,0,0,0,1.0,0,0,0,8,0,45,0.0,0,0,6.0,4,1.0,0,0.0,0,0,0,0,0,2,0,0,8,0,0,0,0,0,1,17,7,0,1,8,0,0,0,12,0,0,2,0,2,0.163656747771146,0,2,0,0,1,1,5,7,0,0.824394702911377,1.3938756053664785,3,1,1,0.0,0.0,0.0,0.0,1259.7869726930178,0.0,0.0,0.0,0.0,0.0,0.0,1.0,1743.6425629605526,0.0,0.0,-119.6959556080427,-0.0665902395594117,56.40193290682178,375.1028194381666,609.0010358906005,1192.1650588321493
7,0,1,13190,0,4,1486,3655,1486,13673,1,2,0,0,False,False,False,False,7750,0,0,0,0,1,0,0,1,433,74264,13271,5321,8,0,0,0,12422,976,14016,0,0,211,72,58,6,3,12,3,4,100,31,4,86687,0,0,12339,0,137,410,16,1,0,0,0,61,0,1,0,0,11,2,2,3,True,0,0,1,1,0,0,0,0,0.292030476503837,2,0.2600064268151335,1,0,0,0,0.0,0.0,0,0,41,0,0,0,0,0,1,771.9057182175524,0,2,1367.3480555323242,0.0,1.0,6,0,0,0.0,0,0,8.0,0,0,0,0,0.0,0,0,0,6,4,66,0.0,0,0,12.0,0,3.0,0,0.0,0,0,0,0,0,0,0,0,7,0,0,0,1,0,1,7,13,0,0,1,0,0,0,8,0,0,2,0,1,0.2171839725003327,0,1,0,0,2,1,10,6,0,0.2265201807022094,0.5261409749620884,2,1,0,0.0,0.0,0.0,0.0,1260.862771522197,0.0,0.0,0.0,0.0,0.0,0.0,1.0,0.0,0.0,0.0,48.92682571150844,0.2194028058812037,142.83122662866367,370.1325335215908,625.166355077902,851.1951256967183
10,0,1,19451,0,7,4591,13482,4591,40950,5,3,0,1,False,False,False,False,14175,0,1,1,2,12,0,7,1,871,135949,34732,21814,8,0,0,0,15934,2577,23081,0,0,370,110,91,13,6,12,6,4,200,58,0,164371,0,0,22172,0,178,443,199,1,0,12488,227,2494,4,5,4,0,39,3,4,11,True,0,0,0,2,0,0,0,0,0.7975467938113436,3,0.2356936734117013,5,6,0,1,0.0,0.0,0,0,81,0,0,0,0,0,1,920.5631045816484,1,4,2080.302456759796,0.0,0.0,11,0,0,0.0,0,0,4.4,5,0,1,3,1.0,0,1,0,12,1,66,0.0,0,1,19.0,0,2.0,0,0.0,0,0,0,0,0,1,0,0,14,0,0,0,0,0,1,36,14,0,2,8,0,6,0,22,1,0,4,1,2,0.2321275393410954,0,1,0,0,4,5,0,8,0,1.8207366466522217,1.1325080332039656,4,3,0,1267.1434121080931,0.0,0.0,0.0,1448.7107279955658,0.0,0.0,0.0,0.0,0.0,0.0,0.0,1885.080957963732,0.0,0.0,40.60947951365832,0.0865258796455788,-20.102846037656143,443.0701877051272,1082.611806125482,1366.7916368414446
0,0,0,10865,0,2,1010,2586,1010,13660,4,0,0,0,False,False,False,False,6500,0,0,1,0,0,0,0,0,893,82700,13847,5716,4,0,0,0,12460,853,12569,0,0,331,96,50,10,3,12,1,4,200,37,2,98675,0,0,6526,0,155,361,159,1,0,3514,339,2301,0,0,8,0,11,0,1,6,False,0,0,2,0,0,0,0,0,0.0,0,0.2536224487828779,4,0,0,0,0.0,0.0,0,0,54,0,0,0,0,0,1,952.6892371651024,0,0,1513.380054232149,0.0,0.0,0,0,0,0.0,0,0,0.0,0,0,0,0,0.0,0,0,1,0,2,60,0.0,0,0,2.0,0,1.0,0,0.0,0,0,0,0,0,0,0,0,0,0,0,0,0,0,0,4,35,0,0,6,0,0,0,0,0,0,0,0,0,0.2298746133479202,0,0,0,0,2,0,0,7,0,-0.5824165344238281,0.438963534020174,1,1,0,0.0,0.0,0.0,0.0,0.0,0.0,0.0,0.0,0.0,0.0,0.0,0.0,0.0,0.0,0.0,-94.79443025485624,-0.1189390592909112,-105.85576276891098,307.9332245041691,596.241504225338,816.2391175604267
1,0,0,14428,0,12,2545,14367,2545,24583,9,3,0,0,False,False,False,False,9810,0,0,2,0,4,0,0,1,328,125149,15133,5856,8,0,0,0,18044,1549,20346,0,0,244,111,69,8,4,12,5,4,100,41,4,173205,0,0,8223,0,184,417,234,1,0,30011,0,4048,1,1,9,0,21,3,1,8,False,0,0,1,0,0,0,0,0,0.2380958021807995,3,0.2541564080242904,9,3,0,0,0.0,0.0,0,0,70,0,1,0,0,0,1,970.0503566382072,0,0,1774.2480303451348,0.0,0.0,2,0,0,0.0,0,0,0.5555555555555556,0,0,0,1,0.0,0,2,0,4,4,51,0.0,0,0,0.0,0,1.0,0,0.0,0,0,0,0,0,0,0,0,2,0,0,0,1,0,0,19,14,0,3,5,0,0,0,5,0,0,2,0,0,0.2086656416877356,0,1,0,0,0,1,0,8,0,-0.062816321849823,0.7399121022394406,1,0,0,0.0,0.0,0.0,0.0,0.0,0.0,0.0,1.0,1.0,0.0,0.0,0.0,0.0,0.0,0.0,-130.5679905164874,-0.2705371468873088,-95.36434427777634,334.55299926951824,564.1714026901216,1022.9685866676364
8,0,0,15436,0,3,564,1420,564,33443,6,0,0,0,False,False,False,False,8425,0,0,1,0,1,0,0,1,424,101545,14890,10493,0,0,0,0,18129,2861,20171,0,0,179,96,70,8,4,12,4,4,100,56,0,120073,0,0,11211,0,186,413,215,1,0,398,100,1021,0,0,7,0,10,1,0,6,False,0,0,0,0,0,0,0,0,0.0,0,0.2511214784163695,6,2,0,0,0.0,0.0,0,0,83,0,0,0,0,0,0,0.0,0,0,1632.2154577874878,0.0,0.0,8,0,0,0.0,0,0,1.5,1,0,0,0,0.0,0,0,0,8,3,72,0.0,0,0,1.0,0,1.0,0,0.0,0,1,0,0,0,0,0,0,8,0,0,0,1,0,0,15,13,0,0,6,0,0,0,9,0,0,1,0,0,0.241184733903821,0,1,0,0,1,0,10,8,0,-0.5525041818618774,0.3935282093555124,0,0,0,0.0,0.0,0.0,0.0,0.0,0.0,0.0,0.0,0.0,0.0,0.0,0.0,0.0,0.0,1.0,-173.50650531387888,-0.2940788225658964,107.26525053091072,336.05857448717813,656.2368925557978,1164.7359366250537
20,0,0,23066,0,9,5470,9636,5470,75262,6,5,1,1,False,False,False,False,15675,1,2,0,2,7,0,4,2,825,144724,30290,15535,8,0,0,0,17093,3395,34370,0,0,305,169,138,14,6,12,5,4,200,70,0,162583,0,0,23043,0,204,1087,288,1,0,765,216,1609,4,6,4,0,34,5,10,7,True,0,0,0,1,0,450,0,0,0.6821285311844181,5,0.2457428153624295,6,0,0,1,0.0,0.0,0,0,105,0,0,0,0,0,1,625.6294283750536,1,0,2365.4905806269144,0.0,1.0,22,0,0,0.0,0,1,4.5,5,0,1,2,0.0,0,0,0,24,1,64,0.0,0,0,15.0,3,2.0,0,0.0,0,0,1,0,0,2,0,0,20,0,0,0,0,0,1,7,16,0,0,2,0,18,1,27,0,0,5,0,2,0.1840051982106143,0,1,0,0,5,6,5,9,0,0.4171336889266968,0.8862872150107081,10,4,1,2109.397807899227,0.0,0.0,0.0,1451.9588403275986,0.0,26.88105161837734,0.0,0.0,0.0,0.0,1.0,0.0,0.0,0.0,30.2601078128282,0.1775530215337781,74.80055150044454,430.0334181548108,859.8892832880877,1306.6887796191595
0,0,2,6786,0,3,271,775,271,4445,2,0,0,0,False,False,False,False,3675,0,0,0,1,3,0,2,1,251,28698,4605,4791,0,0,0,0,5598,627,4124,0,0,128,36,20,5,3,12,3,4,100,16,0,34297,0,0,5065,0,89,213,28,1,0,0,0,46,0,1,0,0,9,1,1,5,True,0,0,0,0,0,0,0,0,0.0,0,0.1980242709359219,2,0,0,0,0.0,0.0,0,0,25,1,0,0,0,0,1,780.1466037849176,0,0,911.5716284756091,0.0,0.0,2,0,0,0.0,0,0,1.5,0,0,0,2,1.0,0,0,0,2,2,53,0.0,0,0,8.0,1,1.0,0,0.0,0,0,0,0,0,1,0,0,2,0,0,0,1,0,0,1,8,0,0,5,0,0,0,3,0,1,3,0,0,0.1257526310954058,0,1,0,0,0,1,5,3,0,0.2559900283813476,0.6086005780448392,1,1,0,0.0,0.0,0.0,0.0,0.0,0.0,0.0,0.0,0.0,0.0,0.0,0.0,0.0,0.0,0.0,0.0,-0.1316407797823545,-35.3455493715622,345.62286731857193,344.3722799106396,589.8823342047308
3,0,0,8074,0,4,2415,2415,2415,6848,2,2,0,0,False,False,False,False,4900,0,0,0,0,0,0,0,0,385,51021,5775,2045,0,0,0,0,11332,420,8852,0,0,132,44,22,5,3,4,2,12,200,22,0,62354,0,0,4788,0,122,220,46,1,0,0,0,330,1,1,0,0,3,2,1,3,True,0,0,0,0,0,0,0,0,0.678042350309694,2,0.2706254382717852,2,0,0,0,0.0,0.0,0,0,24,0,0,0,0,0,1,639.1578304999999,0,0,929.6281582,0.0,0.0,3,0,0,0.0,0,0,1.5,0,0,0,0,0.0,0,0,0,3,1,70,0.0,0,0,10.0,0,1.0,0,0.0,0,0,0,0,0,0,0,0,3,0,0,0,0,0,0,3,3,0,0,1,0,0,0,3,0,0,3,0,0,0.1711405898962949,0,2,0,0,2,1,5,5,0,-0.6078153848648071,0.2519372780605382,1,1,0,0.0,0.0,0.0,0.0,0.0,0.0,0.0,0.0,0.0,0.0,0.0,0.0,0.0,0.0,0.0,5.29243865582384,0.0645419348271199,47.24469629345184,380.34562193621815,399.9018281888355,724.6768442389033
9,0,0,15343,0,4,2296,2554,2296,37707,8,2,0,0,False,False,False,False,10985,0,0,1,1,4,0,2,1,431,110212,26820,9605,0,0,0,0,12721,1485,25419,0,0,250,82,78,14,5,4,5,12,100,81,0,122934,0,0,10902,0,181,418,274,1,0,0,0,1968,1,1,8,0,21,2,3,7,False,0,0,0,0,0,150,0,0,0.3613408081303101,2,0.2772639282207405,8,2,0,0,0.0,0.0,0,0,101,0,0,0,0,0,1,1014.7048810148794,0,1,2000.3731288530605,0.0,0.0,10,0,0,0.0,0,0,1.625,1,0,0,1,0.0,0,0,0,10,1,63,0.0,0,0,21.0,0,1.0,0,0.0,0,0,0,0,0,0,0,0,9,0,0,0,0,0,0,13,19,0,2,5,0,0,1,13,0,0,4,0,0,0.2710536300728158,0,2,0,0,1,1,5,8,0,-0.19074547290802,0.6307160901222044,3,1,0,0.0,0.0,0.0,0.0,0.0,0.0,0.0,0.0,0.0,0.0,0.0,0.0,0.0,0.0,0.0,-77.11561296988974,-0.1199776164447915,-48.32098502313978,340.4364866620959,848.9916083674559,1109.582991285543
1,0,0,9754,0,2,853,853,853,8089,1,0,0,0,False,False,False,False,8900,0,0,1,0,0,0,0,0,865,56589,7743,514,0,0,0,0,12221,875,10080,0,0,123,68,55,3,3,12,2,4,200,29,0,68811,0,0,4453,0,133,359,32,1,0,0,0,20,0,0,5,0,9,0,1,4,False,0,0,0,0,0,0,0,0,0.0,0,0.1410074393216021,1,0,0,0,0.0,0.0,0,0,43,0,0,0,0,0,0,0.0,0,0,1312.8128342469608,0.0,0.0,1,0,0,0.0,0,0,1.0,0,0,0,0,0.0,0,0,0,1,2,67,0.0,0,0,10.0,0,1.0,0,0.0,0,0,0,0,0,0,0,0,1,0,0,0,0,0,0,0,7,0,0,4,0,0,0,1,0,0,0,0,0,0.1920597462883551,0,0,0,0,3,0,0,6,0,-0.5224658250808716,0.418913998150568,1,1,0,0.0,0.0,0.0,0.0,0.0,0.0,0.0,0.0,0.0,0.0,0.0,0.0,0.0,0.0,0.0,-61.973799979392105,-0.2742203538911155,-48.81122299261856,287.7485580164105,393.9175383645874,485.0958060333833
12,0,0,19869,0,6,3933,8624,3933,38199,5,4,1,0,False,False,False,False,15550,0,0,2,2,12,0,5,2,792,160658,28957,4399,8,0,0,0,15449,2245,31277,0,0,312,121,126,17,5,12,5,4,100,58,6,181827,0,0,15373,0,231,387,163,1,0,5720,395,2892,2,2,10,0,33,4,4,8,False,0,0,5,1,0,0,0,0,0.6942301917028761,4,0.2439283492423217,5,10,0,0,0.0,0.0,0,0,90,0,0,0,0,0,1,893.2579509491414,0,3,1986.5129188549097,0.0,1.0,14,0,0,0.0,0,0,4.8,1,0,2,2,0.0,0,2,1,19,1,72,1.0,0,0,49.99999997019768,0,3.0,0,0.0,0,0,1,0,0,0,0,0,14,0,0,0,0,0,0,54,16,0,5,4,0,2,1,24,0,0,4,0,1,0.2720296411320831,0,1,0,0,2,2,5,11,0,0.8832855224609375,1.021958413373157,4,2,0,0.0,0.0,0.0,0.0,1221.4558479548837,0.0,0.0,1.0,0.0,0.0,0.0,0.0,0.0,0.0,0.0,36.7880819230341,0.5134625555760095,94.71873966390388,466.0125747048383,954.375872417103,1164.9257238830066
